student_id,from_kid,to_kid,from_name,to_name
S0001,17,16,集合与逻辑,复数
S0001,16,6,复数,函数概念与性质
S0001,6,3,函数概念与性质,三角函数
S0001,3,11,三角函数,对数函数
S0001,11,12,对数函数,立体几何初步
S0001,12,9,立体几何初步,平面向量及其应用
S0001,9,13,平面向量及其应用,幂函数
S0001,13,15,幂函数,计数原理
S0001,15,7,计数原理,概率
S0001,7,4,概率,数列
S0001,4,5,数列,空间向量与立体几何
S0001,5,2,空间向量与立体几何,平面解析几何
S0001,2,1,平面解析几何,一元函数导数及其应用
S0001,1,14,一元函数导数及其应用,函数应用
S0001,14,10,函数应用,指数函数
S0001,10,8,指数函数,统计
S0002,17,16,集合与逻辑,复数
S0002,16,12,复数,立体几何初步
S0002,12,6,立体几何初步,函数概念与性质
S0002,6,3,函数概念与性质,三角函数
S0002,3,8,三角函数,统计
S0002,8,11,统计,对数函数
S0002,11,9,对数函数,平面向量及其应用
S0002,9,5,平面向量及其应用,空间向量与立体几何
S0002,5,1,空间向量与立体几何,一元函数导数及其应用
S0002,1,2,一元函数导数及其应用,平面解析几何
S0002,2,4,平面解析几何,数列
S0002,4,15,数列,计数原理
S0002,15,13,计数原理,幂函数
S0002,13,7,幂函数,概率
S0002,7,10,概率,指数函数
S0002,10,14,指数函数,函数应用
S0003,17,16,集合与逻辑,复数
S0003,16,12,复数,立体几何初步
S0003,12,8,立体几何初步,统计
S0003,8,6,统计,函数概念与性质
S0003,6,3,函数概念与性质,三角函数
S0003,3,10,三角函数,指数函数
S0003,10,13,指数函数,幂函数
S0003,13,14,幂函数,函数应用
S0003,14,9,函数应用,平面向量及其应用
S0003,9,1,平面向量及其应用,一元函数导数及其应用
S0003,1,2,一元函数导数及其应用,平面解析几何
S0003,2,4,平面解析几何,数列
S0003,4,5,数列,空间向量与立体几何
S0003,5,15,空间向量与立体几何,计数原理
S0003,15,7,计数原理,概率
S0003,7,11,概率,对数函数
S0004,17,16,集合与逻辑,复数
S0004,16,12,复数,立体几何初步
S0004,12,15,立体几何初步,计数原理
S0004,15,7,计数原理,概率
S0004,7,8,概率,统计
S0004,8,6,统计,函数概念与性质
S0004,6,3,函数概念与性质,三角函数
S0004,3,10,三角函数,指数函数
S0004,10,13,指数函数,幂函数
S0004,13,9,幂函数,平面向量及其应用
S0004,9,11,平面向量及其应用,对数函数
S0004,11,2,对数函数,平面解析几何
S0004,2,4,平面解析几何,数列
S0004,4,5,数列,空间向量与立体几何
S0004,5,1,空间向量与立体几何,一元函数导数及其应用
S0004,1,14,一元函数导数及其应用,函数应用
S0005,17,16,集合与逻辑,复数
S0005,16,6,复数,函数概念与性质
S0005,6,1,函数概念与性质,一元函数导数及其应用
S0005,1,4,一元函数导数及其应用,数列
S0005,4,3,数列,三角函数
S0005,3,12,三角函数,立体几何初步
S0005,12,15,立体几何初步,计数原理
S0005,15,9,计数原理,平面向量及其应用
S0005,9,13,平面向量及其应用,幂函数
S0005,13,2,幂函数,平面解析几何
S0005,2,5,平面解析几何,空间向量与立体几何
S0005,5,11,空间向量与立体几何,对数函数
S0005,11,8,对数函数,统计
S0005,8,7,统计,概率
S0005,7,10,概率,指数函数
S0005,10,14,指数函数,函数应用
S0006,17,16,集合与逻辑,复数
S0006,16,12,复数,立体几何初步
S0006,12,8,立体几何初步,统计
S0006,8,6,统计,函数概念与性质
S0006,6,13,函数概念与性质,幂函数
S0006,13,14,幂函数,函数应用
S0006,14,15,函数应用,计数原理
S0006,15,4,计数原理,数列
S0006,4,3,数列,三角函数
S0006,3,9,三角函数,平面向量及其应用
S0006,9,10,平面向量及其应用,指数函数
S0006,10,1,指数函数,一元函数导数及其应用
S0006,1,2,一元函数导数及其应用,平面解析几何
S0006,2,5,平面解析几何,空间向量与立体几何
S0006,5,7,空间向量与立体几何,概率
S0006,7,11,概率,对数函数
S0007,17,16,集合与逻辑,复数
S0007,16,12,复数,立体几何初步
S0007,12,8,立体几何初步,统计
S0007,8,6,统计,函数概念与性质
S0007,6,3,函数概念与性质,三角函数
S0007,3,1,三角函数,一元函数导数及其应用
S0007,1,14,一元函数导数及其应用,函数应用
S0007,14,13,函数应用,幂函数
S0007,13,10,幂函数,指数函数
S0007,10,15,指数函数,计数原理
S0007,15,7,计数原理,概率
S0007,7,11,概率,对数函数
S0007,11,9,对数函数,平面向量及其应用
S0007,9,2,平面向量及其应用,平面解析几何
S0007,2,4,平面解析几何,数列
S0007,4,5,数列,空间向量与立体几何
S0008,17,16,集合与逻辑,复数
S0008,16,12,复数,立体几何初步
S0008,12,6,立体几何初步,函数概念与性质
S0008,6,1,函数概念与性质,一元函数导数及其应用
S0008,1,4,一元函数导数及其应用,数列
S0008,4,3,数列,三角函数
S0008,3,10,三角函数,指数函数
S0008,10,9,指数函数,平面向量及其应用
S0008,9,13,平面向量及其应用,幂函数
S0008,13,15,幂函数,计数原理
S0008,15,7,计数原理,概率
S0008,7,11,概率,对数函数
S0008,11,8,对数函数,统计
S0008,8,5,统计,空间向量与立体几何
S0008,5,2,空间向量与立体几何,平面解析几何
S0008,2,14,平面解析几何,函数应用
S0009,17,16,集合与逻辑,复数
S0009,16,12,复数,立体几何初步
S0009,12,8,立体几何初步,统计
S0009,8,6,统计,函数概念与性质
S0009,6,3,函数概念与性质,三角函数
S0009,3,9,三角函数,平面向量及其应用
S0009,9,5,平面向量及其应用,空间向量与立体几何
S0009,5,2,空间向量与立体几何,平面解析几何
S0009,2,4,平面解析几何,数列
S0009,4,1,数列,一元函数导数及其应用
S0009,1,13,一元函数导数及其应用,幂函数
S0009,13,15,幂函数,计数原理
S0009,15,7,计数原理,概率
S0009,7,11,概率,对数函数
S0009,11,14,对数函数,函数应用
S0009,14,10,函数应用,指数函数
S0010,17,16,集合与逻辑,复数
S0010,16,12,复数,立体几何初步
S0010,12,8,立体几何初步,统计
S0010,8,6,统计,函数概念与性质
S0010,6,1,函数概念与性质,一元函数导数及其应用
S0010,1,3,一元函数导数及其应用,三角函数
S0010,3,15,三角函数,计数原理
S0010,15,13,计数原理,幂函数
S0010,13,10,幂函数,指数函数
S0010,10,14,指数函数,函数应用
S0010,14,9,函数应用,平面向量及其应用
S0010,9,11,平面向量及其应用,对数函数
S0010,11,5,对数函数,空间向量与立体几何
S0010,5,2,空间向量与立体几何,平面解析几何
S0010,2,4,平面解析几何,数列
S0010,4,7,数列,概率
S0011,17,16,集合与逻辑,复数
S0011,16,12,复数,立体几何初步
S0011,12,15,立体几何初步,计数原理
S0011,15,7,计数原理,概率
S0011,7,8,概率,统计
S0011,8,6,统计,函数概念与性质
S0011,6,3,函数概念与性质,三角函数
S0011,3,4,三角函数,数列
S0011,4,1,数列,一元函数导数及其应用
S0011,1,11,一元函数导数及其应用,对数函数
S0011,11,9,对数函数,平面向量及其应用
S0011,9,2,平面向量及其应用,平面解析几何
S0011,2,5,平面解析几何,空间向量与立体几何
S0011,5,14,空间向量与立体几何,函数应用
S0011,14,10,函数应用,指数函数
S0011,10,13,指数函数,幂函数
S0012,17,16,集合与逻辑,复数
S0012,16,12,复数,立体几何初步
S0012,12,15,立体几何初步,计数原理
S0012,15,7,计数原理,概率
S0012,7,6,概率,函数概念与性质
S0012,6,3,函数概念与性质,三角函数
S0012,3,9,三角函数,平面向量及其应用
S0012,9,4,平面向量及其应用,数列
S0012,4,1,数列,一元函数导数及其应用
S0012,1,2,一元函数导数及其应用,平面解析几何
S0012,2,5,平面解析几何,空间向量与立体几何
S0012,5,11,空间向量与立体几何,对数函数
S0012,11,14,对数函数,函数应用
S0012,14,13,函数应用,幂函数
S0012,13,10,幂函数,指数函数
S0012,10,8,指数函数,统计
S0013,17,16,集合与逻辑,复数
S0013,16,8,复数,统计
S0013,8,12,统计,立体几何初步
S0013,12,15,立体几何初步,计数原理
S0013,15,7,计数原理,概率
S0013,7,6,概率,函数概念与性质
S0013,6,3,函数概念与性质,三角函数
S0013,3,10,三角函数,指数函数
S0013,10,13,指数函数,幂函数
S0013,13,11,幂函数,对数函数
S0013,11,9,对数函数,平面向量及其应用
S0013,9,5,平面向量及其应用,空间向量与立体几何
S0013,5,4,空间向量与立体几何,数列
S0013,4,1,数列,一元函数导数及其应用
S0013,1,2,一元函数导数及其应用,平面解析几何
S0013,2,14,平面解析几何,函数应用
S0014,17,16,集合与逻辑,复数
S0014,16,12,复数,立体几何初步
S0014,12,8,立体几何初步,统计
S0014,8,6,统计,函数概念与性质
S0014,6,3,函数概念与性质,三角函数
S0014,3,1,三角函数,一元函数导数及其应用
S0014,1,11,一元函数导数及其应用,对数函数
S0014,11,13,对数函数,幂函数
S0014,13,14,幂函数,函数应用
S0014,14,9,函数应用,平面向量及其应用
S0014,9,5,平面向量及其应用,空间向量与立体几何
S0014,5,2,空间向量与立体几何,平面解析几何
S0014,2,4,平面解析几何,数列
S0014,4,10,数列,指数函数
S0014,10,15,指数函数,计数原理
S0014,15,7,计数原理,概率
S0015,17,16,集合与逻辑,复数
S0015,16,12,复数,立体几何初步
S0015,12,8,立体几何初步,统计
S0015,8,15,统计,计数原理
S0015,15,7,计数原理,概率
S0015,7,6,概率,函数概念与性质
S0015,6,3,函数概念与性质,三角函数
S0015,3,13,三角函数,幂函数
S0015,13,10,幂函数,指数函数
S0015,10,9,指数函数,平面向量及其应用
S0015,9,14,平面向量及其应用,函数应用
S0015,14,11,函数应用,对数函数
S0015,11,2,对数函数,平面解析几何
S0015,2,1,平面解析几何,一元函数导数及其应用
S0015,1,4,一元函数导数及其应用,数列
S0015,4,5,数列,空间向量与立体几何
S0016,17,16,集合与逻辑,复数
S0016,16,12,复数,立体几何初步
S0016,12,8,立体几何初步,统计
S0016,8,15,统计,计数原理
S0016,15,7,计数原理,概率
S0016,7,6,概率,函数概念与性质
S0016,6,1,函数概念与性质,一元函数导数及其应用
S0016,1,4,一元函数导数及其应用,数列
S0016,4,3,数列,三角函数
S0016,3,13,三角函数,幂函数
S0016,13,10,幂函数,指数函数
S0016,10,14,指数函数,函数应用
S0016,14,9,函数应用,平面向量及其应用
S0016,9,2,平面向量及其应用,平面解析几何
S0016,2,5,平面解析几何,空间向量与立体几何
S0016,5,11,空间向量与立体几何,对数函数
S0017,17,16,集合与逻辑,复数
S0017,16,12,复数,立体几何初步
S0017,12,8,立体几何初步,统计
S0017,8,6,统计,函数概念与性质
S0017,6,3,函数概念与性质,三角函数
S0017,3,4,三角函数,数列
S0017,4,15,数列,计数原理
S0017,15,13,计数原理,幂函数
S0017,13,10,幂函数,指数函数
S0017,10,14,指数函数,函数应用
S0017,14,9,函数应用,平面向量及其应用
S0017,9,11,平面向量及其应用,对数函数
S0017,11,7,对数函数,概率
S0017,7,2,概率,平面解析几何
S0017,2,5,平面解析几何,空间向量与立体几何
S0017,5,1,空间向量与立体几何,一元函数导数及其应用
S0018,17,16,集合与逻辑,复数
S0018,16,12,复数,立体几何初步
S0018,12,6,立体几何初步,函数概念与性质
S0018,6,3,函数概念与性质,三角函数
S0018,3,1,三角函数,一元函数导数及其应用
S0018,1,4,一元函数导数及其应用,数列
S0018,4,15,数列,计数原理
S0018,15,13,计数原理,幂函数
S0018,13,10,幂函数,指数函数
S0018,10,14,指数函数,函数应用
S0018,14,9,函数应用,平面向量及其应用
S0018,9,7,平面向量及其应用,概率
S0018,7,5,概率,空间向量与立体几何
S0018,5,2,空间向量与立体几何,平面解析几何
S0018,2,8,平面解析几何,统计
S0018,8,11,统计,对数函数
S0019,17,16,集合与逻辑,复数
S0019,16,12,复数,立体几何初步
S0019,12,8,立体几何初步,统计
S0019,8,6,统计,函数概念与性质
S0019,6,3,函数概念与性质,三角函数
S0019,3,10,三角函数,指数函数
S0019,10,11,指数函数,对数函数
S0019,11,9,对数函数,平面向量及其应用
S0019,9,13,平面向量及其应用,幂函数
S0019,13,4,幂函数,数列
S0019,4,1,数列,一元函数导数及其应用
S0019,1,2,一元函数导数及其应用,平面解析几何
S0019,2,5,平面解析几何,空间向量与立体几何
S0019,5,14,空间向量与立体几何,函数应用
S0019,14,15,函数应用,计数原理
S0019,15,7,计数原理,概率
S0020,17,16,集合与逻辑,复数
S0020,16,12,复数,立体几何初步
S0020,12,6,立体几何初步,函数概念与性质
S0020,6,3,函数概念与性质,三角函数
S0020,3,9,三角函数,平面向量及其应用
S0020,9,2,平面向量及其应用,平面解析几何
S0020,2,5,平面解析几何,空间向量与立体几何
S0020,5,4,空间向量与立体几何,数列
S0020,4,1,数列,一元函数导数及其应用
S0020,1,14,一元函数导数及其应用,函数应用
S0020,14,10,函数应用,指数函数
S0020,10,15,指数函数,计数原理
S0020,15,7,计数原理,概率
S0020,7,8,概率,统计
S0020,8,11,统计,对数函数
S0020,11,13,对数函数,幂函数
S0021,17,16,集合与逻辑,复数
S0021,16,12,复数,立体几何初步
S0021,12,8,立体几何初步,统计
S0021,8,6,统计,函数概念与性质
S0021,6,3,函数概念与性质,三角函数
S0021,3,1,三角函数,一元函数导数及其应用
S0021,1,4,一元函数导数及其应用,数列
S0021,4,10,数列,指数函数
S0021,10,9,指数函数,平面向量及其应用
S0021,9,5,平面向量及其应用,空间向量与立体几何
S0021,5,2,空间向量与立体几何,平面解析几何
S0021,2,11,平面解析几何,对数函数
S0021,11,14,对数函数,函数应用
S0021,14,15,函数应用,计数原理
S0021,15,7,计数原理,概率
S0021,7,13,概率,幂函数
S0022,17,16,集合与逻辑,复数
S0022,16,12,复数,立体几何初步
S0022,12,8,立体几何初步,统计
S0022,8,6,统计,函数概念与性质
S0022,6,4,函数概念与性质,数列
S0022,4,3,数列,三角函数
S0022,3,10,三角函数,指数函数
S0022,10,9,指数函数,平面向量及其应用
S0022,9,1,平面向量及其应用,一元函数导数及其应用
S0022,1,2,一元函数导数及其应用,平面解析几何
S0022,2,5,平面解析几何,空间向量与立体几何
S0022,5,11,空间向量与立体几何,对数函数
S0022,11,14,对数函数,函数应用
S0022,14,15,函数应用,计数原理
S0022,15,13,计数原理,幂函数
S0022,13,7,幂函数,概率
S0023,17,16,集合与逻辑,复数
S0023,16,12,复数,立体几何初步
S0023,12,8,立体几何初步,统计
S0023,8,6,统计,函数概念与性质
S0023,6,3,函数概念与性质,三角函数
S0023,3,13,三角函数,幂函数
S0023,13,10,幂函数,指数函数
S0023,10,14,指数函数,函数应用
S0023,14,9,函数应用,平面向量及其应用
S0023,9,5,平面向量及其应用,空间向量与立体几何
S0023,5,2,空间向量与立体几何,平面解析几何
S0023,2,1,平面解析几何,一元函数导数及其应用
S0023,1,4,一元函数导数及其应用,数列
S0023,4,15,数列,计数原理
S0023,15,7,计数原理,概率
S0023,7,11,概率,对数函数
S0024,17,16,集合与逻辑,复数
S0024,16,12,复数,立体几何初步
S0024,12,8,立体几何初步,统计
S0024,8,6,统计,函数概念与性质
S0024,6,13,函数概念与性质,幂函数
S0024,13,10,幂函数,指数函数
S0024,10,11,指数函数,对数函数
S0024,11,4,对数函数,数列
S0024,4,3,数列,三角函数
S0024,3,9,三角函数,平面向量及其应用
S0024,9,5,平面向量及其应用,空间向量与立体几何
S0024,5,2,空间向量与立体几何,平面解析几何
S0024,2,1,平面解析几何,一元函数导数及其应用
S0024,1,14,一元函数导数及其应用,函数应用
S0024,14,15,函数应用,计数原理
S0024,15,7,计数原理,概率
S0025,17,16,集合与逻辑,复数
S0025,16,12,复数,立体几何初步
S0025,12,8,立体几何初步,统计
S0025,8,6,统计,函数概念与性质
S0025,6,3,函数概念与性质,三角函数
S0025,3,1,三角函数,一元函数导数及其应用
S0025,1,4,一元函数导数及其应用,数列
S0025,4,15,数列,计数原理
S0025,15,7,计数原理,概率
S0025,7,10,概率,指数函数
S0025,10,14,指数函数,函数应用
S0025,14,9,函数应用,平面向量及其应用
S0025,9,2,平面向量及其应用,平面解析几何
S0025,2,5,平面解析几何,空间向量与立体几何
S0025,5,11,空间向量与立体几何,对数函数
S0025,11,13,对数函数,幂函数
S0026,17,16,集合与逻辑,复数
S0026,16,12,复数,立体几何初步
S0026,12,15,立体几何初步,计数原理
S0026,15,7,计数原理,概率
S0026,7,6,概率,函数概念与性质
S0026,6,3,函数概念与性质,三角函数
S0026,3,4,三角函数,数列
S0026,4,9,数列,平面向量及其应用
S0026,9,13,平面向量及其应用,幂函数
S0026,13,10,幂函数,指数函数
S0026,10,2,指数函数,平面解析几何
S0026,2,1,平面解析几何,一元函数导数及其应用
S0026,1,5,一元函数导数及其应用,空间向量与立体几何
S0026,5,11,空间向量与立体几何,对数函数
S0026,11,8,对数函数,统计
S0026,8,14,统计,函数应用
S0027,17,16,集合与逻辑,复数
S0027,16,12,复数,立体几何初步
S0027,12,6,立体几何初步,函数概念与性质
S0027,6,3,函数概念与性质,三角函数
S0027,3,11,三角函数,对数函数
S0027,11,13,对数函数,幂函数
S0027,13,9,幂函数,平面向量及其应用
S0027,9,5,平面向量及其应用,空间向量与立体几何
S0027,5,2,空间向量与立体几何,平面解析几何
S0027,2,1,平面解析几何,一元函数导数及其应用
S0027,1,4,一元函数导数及其应用,数列
S0027,4,15,数列,计数原理
S0027,15,7,计数原理,概率
S0027,7,14,概率,函数应用
S0027,14,10,函数应用,指数函数
S0027,10,8,指数函数,统计
S0028,17,16,集合与逻辑,复数
S0028,16,12,复数,立体几何初步
S0028,12,6,立体几何初步,函数概念与性质
S0028,6,4,函数概念与性质,数列
S0028,4,3,数列,三角函数
S0028,3,8,三角函数,统计
S0028,8,11,统计,对数函数
S0028,11,14,对数函数,函数应用
S0028,14,13,函数应用,幂函数
S0028,13,10,幂函数,指数函数
S0028,10,9,指数函数,平面向量及其应用
S0028,9,5,平面向量及其应用,空间向量与立体几何
S0028,5,2,空间向量与立体几何,平面解析几何
S0028,2,1,平面解析几何,一元函数导数及其应用
S0028,1,15,一元函数导数及其应用,计数原理
S0028,15,7,计数原理,概率
S0029,17,16,集合与逻辑,复数
S0029,16,12,复数,立体几何初步
S0029,12,8,立体几何初步,统计
S0029,8,6,统计,函数概念与性质
S0029,6,1,函数概念与性质,一元函数导数及其应用
S0029,1,4,一元函数导数及其应用,数列
S0029,4,3,数列,三角函数
S0029,3,11,三角函数,对数函数
S0029,11,13,对数函数,幂函数
S0029,13,15,幂函数,计数原理
S0029,15,7,计数原理,概率
S0029,7,9,概率,平面向量及其应用
S0029,9,2,平面向量及其应用,平面解析几何
S0029,2,5,平面解析几何,空间向量与立体几何
S0029,5,14,空间向量与立体几何,函数应用
S0029,14,10,函数应用,指数函数
S0030,17,16,集合与逻辑,复数
S0030,16,12,复数,立体几何初步
S0030,12,6,立体几何初步,函数概念与性质
S0030,6,3,函数概念与性质,三角函数
S0030,3,4,三角函数,数列
S0030,4,1,数列,一元函数导数及其应用
S0030,1,8,一元函数导数及其应用,统计
S0030,8,11,统计,对数函数
S0030,11,15,对数函数,计数原理
S0030,15,7,计数原理,概率
S0030,7,9,概率,平面向量及其应用
S0030,9,5,平面向量及其应用,空间向量与立体几何
S0030,5,2,空间向量与立体几何,平面解析几何
S0030,2,10,平面解析几何,指数函数
S0030,10,14,指数函数,函数应用
S0030,14,13,函数应用,幂函数
S0031,17,16,集合与逻辑,复数
S0031,16,6,复数,函数概念与性质
S0031,6,11,函数概念与性质,对数函数
S0031,11,10,对数函数,指数函数
S0031,10,15,指数函数,计数原理
S0031,15,12,计数原理,立体几何初步
S0031,12,3,立体几何初步,三角函数
S0031,3,7,三角函数,概率
S0031,7,9,概率,平面向量及其应用
S0031,9,1,平面向量及其应用,一元函数导数及其应用
S0031,1,2,一元函数导数及其应用,平面解析几何
S0031,2,4,平面解析几何,数列
S0031,4,5,数列,空间向量与立体几何
S0031,5,8,空间向量与立体几何,统计
S0031,8,14,统计,函数应用
S0031,14,13,函数应用,幂函数
S0032,17,16,集合与逻辑,复数
S0032,16,6,复数,函数概念与性质
S0032,6,3,函数概念与性质,三角函数
S0032,3,4,三角函数,数列
S0032,4,1,数列,一元函数导数及其应用
S0032,1,11,一元函数导数及其应用,对数函数
S0032,11,8,对数函数,统计
S0032,8,14,统计,函数应用
S0032,14,10,函数应用,指数函数
S0032,10,12,指数函数,立体几何初步
S0032,12,9,立体几何初步,平面向量及其应用
S0032,9,2,平面向量及其应用,平面解析几何
S0032,2,5,平面解析几何,空间向量与立体几何
S0032,5,15,空间向量与立体几何,计数原理
S0032,15,7,计数原理,概率
S0032,7,13,概率,幂函数
S0033,17,16,集合与逻辑,复数
S0033,16,12,复数,立体几何初步
S0033,12,6,立体几何初步,函数概念与性质
S0033,6,3,函数概念与性质,三角函数
S0033,3,13,三角函数,幂函数
S0033,13,9,幂函数,平面向量及其应用
S0033,9,5,平面向量及其应用,空间向量与立体几何
S0033,5,2,空间向量与立体几何,平面解析几何
S0033,2,1,平面解析几何,一元函数导数及其应用
S0033,1,4,一元函数导数及其应用,数列
S0033,4,8,数列,统计
S0033,8,10,统计,指数函数
S0033,10,14,指数函数,函数应用
S0033,14,15,函数应用,计数原理
S0033,15,7,计数原理,概率
S0033,7,11,概率,对数函数
S0034,17,16,集合与逻辑,复数
S0034,16,12,复数,立体几何初步
S0034,12,6,立体几何初步,函数概念与性质
S0034,6,3,函数概念与性质,三角函数
S0034,3,4,三角函数,数列
S0034,4,11,数列,对数函数
S0034,11,10,对数函数,指数函数
S0034,10,9,指数函数,平面向量及其应用
S0034,9,5,平面向量及其应用,空间向量与立体几何
S0034,5,1,空间向量与立体几何,一元函数导数及其应用
S0034,1,2,一元函数导数及其应用,平面解析几何
S0034,2,8,平面解析几何,统计
S0034,8,14,统计,函数应用
S0034,14,15,函数应用,计数原理
S0034,15,7,计数原理,概率
S0034,7,13,概率,幂函数
S0035,17,16,集合与逻辑,复数
S0035,16,12,复数,立体几何初步
S0035,12,6,立体几何初步,函数概念与性质
S0035,6,10,函数概念与性质,指数函数
S0035,10,3,指数函数,三角函数
S0035,3,4,三角函数,数列
S0035,4,8,数列,统计
S0035,8,9,统计,平面向量及其应用
S0035,9,2,平面向量及其应用,平面解析几何
S0035,2,1,平面解析几何,一元函数导数及其应用
S0035,1,5,一元函数导数及其应用,空间向量与立体几何
S0035,5,11,空间向量与立体几何,对数函数
S0035,11,13,对数函数,幂函数
S0035,13,14,幂函数,函数应用
S0035,14,15,函数应用,计数原理
S0035,15,7,计数原理,概率
S0036,17,16,集合与逻辑,复数
S0036,16,8,复数,统计
S0036,8,6,统计,函数概念与性质
S0036,6,3,函数概念与性质,三角函数
S0036,3,13,三角函数,幂函数
S0036,13,12,幂函数,立体几何初步
S0036,12,9,立体几何初步,平面向量及其应用
S0036,9,10,平面向量及其应用,指数函数
S0036,10,5,指数函数,空间向量与立体几何
S0036,5,1,空间向量与立体几何,一元函数导数及其应用
S0036,1,2,一元函数导数及其应用,平面解析几何
S0036,2,4,平面解析几何,数列
S0036,4,15,数列,计数原理
S0036,15,7,计数原理,概率
S0036,7,11,概率,对数函数
S0036,11,14,对数函数,函数应用
S0037,17,16,集合与逻辑,复数
S0037,16,12,复数,立体几何初步
S0037,12,8,立体几何初步,统计
S0037,8,6,统计,函数概念与性质
S0037,6,3,函数概念与性质,三角函数
S0037,3,11,三角函数,对数函数
S0037,11,13,对数函数,幂函数
S0037,13,9,幂函数,平面向量及其应用
S0037,9,15,平面向量及其应用,计数原理
S0037,15,7,计数原理,概率
S0037,7,4,概率,数列
S0037,4,2,数列,平面解析几何
S0037,2,1,平面解析几何,一元函数导数及其应用
S0037,1,5,一元函数导数及其应用,空间向量与立体几何
S0037,5,10,空间向量与立体几何,指数函数
S0037,10,14,指数函数,函数应用
S0038,17,16,集合与逻辑,复数
S0038,16,12,复数,立体几何初步
S0038,12,6,立体几何初步,函数概念与性质
S0038,6,3,函数概念与性质,三角函数
S0038,3,1,三角函数,一元函数导数及其应用
S0038,1,4,一元函数导数及其应用,数列
S0038,4,10,数列,指数函数
S0038,10,13,指数函数,幂函数
S0038,13,14,幂函数,函数应用
S0038,14,15,函数应用,计数原理
S0038,15,11,计数原理,对数函数
S0038,11,8,对数函数,统计
S0038,8,7,统计,概率
S0038,7,9,概率,平面向量及其应用
S0038,9,2,平面向量及其应用,平面解析几何
S0038,2,5,平面解析几何,空间向量与立体几何
S0039,17,16,集合与逻辑,复数
S0039,16,8,复数,统计
S0039,8,15,统计,计数原理
S0039,15,7,计数原理,概率
S0039,7,6,概率,函数概念与性质
S0039,6,11,函数概念与性质,对数函数
S0039,11,3,对数函数,三角函数
S0039,3,10,三角函数,指数函数
S0039,10,14,指数函数,函数应用
S0039,14,12,函数应用,立体几何初步
S0039,12,9,立体几何初步,平面向量及其应用
S0039,9,2,平面向量及其应用,平面解析几何
S0039,2,4,平面解析几何,数列
S0039,4,5,数列,空间向量与立体几何
S0039,5,1,空间向量与立体几何,一元函数导数及其应用
S0039,1,13,一元函数导数及其应用,幂函数
S0040,17,16,集合与逻辑,复数
S0040,16,12,复数,立体几何初步
S0040,12,8,立体几何初步,统计
S0040,8,15,统计,计数原理
S0040,15,7,计数原理,概率
S0040,7,6,概率,函数概念与性质
S0040,6,3,函数概念与性质,三角函数
S0040,3,10,三角函数,指数函数
S0040,10,13,指数函数,幂函数
S0040,13,14,幂函数,函数应用
S0040,14,9,函数应用,平面向量及其应用
S0040,9,5,平面向量及其应用,空间向量与立体几何
S0040,5,4,空间向量与立体几何,数列
S0040,4,2,数列,平面解析几何
S0040,2,1,平面解析几何,一元函数导数及其应用
S0040,1,11,一元函数导数及其应用,对数函数
S0041,17,16,集合与逻辑,复数
S0041,16,12,复数,立体几何初步
S0041,12,8,立体几何初步,统计
S0041,8,6,统计,函数概念与性质
S0041,6,1,函数概念与性质,一元函数导数及其应用
S0041,1,4,一元函数导数及其应用,数列
S0041,4,11,数列,对数函数
S0041,11,14,对数函数,函数应用
S0041,14,15,函数应用,计数原理
S0041,15,7,计数原理,概率
S0041,7,3,概率,三角函数
S0041,3,9,三角函数,平面向量及其应用
S0041,9,2,平面向量及其应用,平面解析几何
S0041,2,5,平面解析几何,空间向量与立体几何
S0041,5,10,空间向量与立体几何,指数函数
S0041,10,13,指数函数,幂函数
S0042,17,16,集合与逻辑,复数
S0042,16,12,复数,立体几何初步
S0042,12,8,立体几何初步,统计
S0042,8,15,统计,计数原理
S0042,15,7,计数原理,概率
S0042,7,6,概率,函数概念与性质
S0042,6,3,函数概念与性质,三角函数
S0042,3,13,三角函数,幂函数
S0042,13,9,幂函数,平面向量及其应用
S0042,9,14,平面向量及其应用,函数应用
S0042,14,5,函数应用,空间向量与立体几何
S0042,5,2,空间向量与立体几何,平面解析几何
S0042,2,1,平面解析几何,一元函数导数及其应用
S0042,1,4,一元函数导数及其应用,数列
S0042,4,11,数列,对数函数
S0042,11,10,对数函数,指数函数
S0043,17,16,集合与逻辑,复数
S0043,16,12,复数,立体几何初步
S0043,12,8,立体几何初步,统计
S0043,8,6,统计,函数概念与性质
S0043,6,13,函数概念与性质,幂函数
S0043,13,10,幂函数,指数函数
S0043,10,11,指数函数,对数函数
S0043,11,3,对数函数,三角函数
S0043,3,9,三角函数,平面向量及其应用
S0043,9,5,平面向量及其应用,空间向量与立体几何
S0043,5,2,空间向量与立体几何,平面解析几何
S0043,2,1,平面解析几何,一元函数导数及其应用
S0043,1,4,一元函数导数及其应用,数列
S0043,4,15,数列,计数原理
S0043,15,7,计数原理,概率
S0043,7,14,概率,函数应用
S0044,17,16,集合与逻辑,复数
S0044,16,12,复数,立体几何初步
S0044,12,6,立体几何初步,函数概念与性质
S0044,6,3,函数概念与性质,三角函数
S0044,3,8,三角函数,统计
S0044,8,10,统计,指数函数
S0044,10,13,指数函数,幂函数
S0044,13,15,幂函数,计数原理
S0044,15,11,计数原理,对数函数
S0044,11,7,对数函数,概率
S0044,7,14,概率,函数应用
S0044,14,9,函数应用,平面向量及其应用
S0044,9,1,平面向量及其应用,一元函数导数及其应用
S0044,1,2,一元函数导数及其应用,平面解析几何
S0044,2,5,平面解析几何,空间向量与立体几何
S0044,5,4,空间向量与立体几何,数列
S0045,17,16,集合与逻辑,复数
S0045,16,12,复数,立体几何初步
S0045,12,15,立体几何初步,计数原理
S0045,15,7,计数原理,概率
S0045,7,8,概率,统计
S0045,8,6,统计,函数概念与性质
S0045,6,3,函数概念与性质,三角函数
S0045,3,1,三角函数,一元函数导数及其应用
S0045,1,4,一元函数导数及其应用,数列
S0045,4,10,数列,指数函数
S0045,10,14,指数函数,函数应用
S0045,14,9,函数应用,平面向量及其应用
S0045,9,2,平面向量及其应用,平面解析几何
S0045,2,5,平面解析几何,空间向量与立体几何
S0045,5,11,空间向量与立体几何,对数函数
S0045,11,13,对数函数,幂函数
S0046,17,16,集合与逻辑,复数
S0046,16,6,复数,函数概念与性质
S0046,6,3,函数概念与性质,三角函数
S0046,3,10,三角函数,指数函数
S0046,10,13,指数函数,幂函数
S0046,13,15,幂函数,计数原理
S0046,15,12,计数原理,立体几何初步
S0046,12,8,立体几何初步,统计
S0046,8,7,统计,概率
S0046,7,11,概率,对数函数
S0046,11,14,对数函数,函数应用
S0046,14,9,函数应用,平面向量及其应用
S0046,9,2,平面向量及其应用,平面解析几何
S0046,2,1,平面解析几何,一元函数导数及其应用
S0046,1,4,一元函数导数及其应用,数列
S0046,4,5,数列,空间向量与立体几何
S0047,17,16,集合与逻辑,复数
S0047,16,12,复数,立体几何初步
S0047,12,8,立体几何初步,统计
S0047,8,6,统计,函数概念与性质
S0047,6,3,函数概念与性质,三角函数
S0047,3,10,三角函数,指数函数
S0047,10,9,指数函数,平面向量及其应用
S0047,9,2,平面向量及其应用,平面解析几何
S0047,2,1,平面解析几何,一元函数导数及其应用
S0047,1,4,一元函数导数及其应用,数列
S0047,4,14,数列,函数应用
S0047,14,15,函数应用,计数原理
S0047,15,7,计数原理,概率
S0047,7,11,概率,对数函数
S0047,11,5,对数函数,空间向量与立体几何
S0047,5,13,空间向量与立体几何,幂函数
S0048,17,16,集合与逻辑,复数
S0048,16,12,复数,立体几何初步
S0048,12,15,立体几何初步,计数原理
S0048,15,7,计数原理,概率
S0048,7,8,概率,统计
S0048,8,6,统计,函数概念与性质
S0048,6,3,函数概念与性质,三角函数
S0048,3,9,三角函数,平面向量及其应用
S0048,9,13,平面向量及其应用,幂函数
S0048,13,5,幂函数,空间向量与立体几何
S0048,5,2,空间向量与立体几何,平面解析几何
S0048,2,1,平面解析几何,一元函数导数及其应用
S0048,1,4,一元函数导数及其应用,数列
S0048,4,14,数列,函数应用
S0048,14,11,函数应用,对数函数
S0048,11,10,对数函数,指数函数
S0049,17,16,集合与逻辑,复数
S0049,16,6,复数,函数概念与性质
S0049,6,13,函数概念与性质,幂函数
S0049,13,10,幂函数,指数函数
S0049,10,3,指数函数,三角函数
S0049,3,9,三角函数,平面向量及其应用
S0049,9,12,平面向量及其应用,立体几何初步
S0049,12,8,立体几何初步,统计
S0049,8,11,统计,对数函数
S0049,11,5,对数函数,空间向量与立体几何
S0049,5,2,空间向量与立体几何,平面解析几何
S0049,2,1,平面解析几何,一元函数导数及其应用
S0049,1,4,一元函数导数及其应用,数列
S0049,4,14,数列,函数应用
S0049,14,15,函数应用,计数原理
S0049,15,7,计数原理,概率
S0050,17,16,集合与逻辑,复数
S0050,16,12,复数,立体几何初步
S0050,12,6,立体几何初步,函数概念与性质
S0050,6,3,函数概念与性质,三角函数
S0050,3,1,三角函数,一元函数导数及其应用
S0050,1,4,一元函数导数及其应用,数列
S0050,4,11,数列,对数函数
S0050,11,8,对数函数,统计
S0050,8,13,统计,幂函数
S0050,13,14,幂函数,函数应用
S0050,14,15,函数应用,计数原理
S0050,15,7,计数原理,概率
S0050,7,9,概率,平面向量及其应用
S0050,9,2,平面向量及其应用,平面解析几何
S0050,2,5,平面解析几何,空间向量与立体几何
S0050,5,10,空间向量与立体几何,指数函数
S0051,17,16,集合与逻辑,复数
S0051,16,12,复数,立体几何初步
S0051,12,8,立体几何初步,统计
S0051,8,15,统计,计数原理
S0051,15,7,计数原理,概率
S0051,7,6,概率,函数概念与性质
S0051,6,4,函数概念与性质,数列
S0051,4,1,数列,一元函数导数及其应用
S0051,1,3,一元函数导数及其应用,三角函数
S0051,3,9,三角函数,平面向量及其应用
S0051,9,2,平面向量及其应用,平面解析几何
S0051,2,5,平面解析几何,空间向量与立体几何
S0051,5,11,空间向量与立体几何,对数函数
S0051,11,13,对数函数,幂函数
S0051,13,10,幂函数,指数函数
S0051,10,14,指数函数,函数应用
S0052,17,16,集合与逻辑,复数
S0052,16,8,复数,统计
S0052,8,12,统计,立体几何初步
S0052,12,15,立体几何初步,计数原理
S0052,15,7,计数原理,概率
S0052,7,6,概率,函数概念与性质
S0052,6,3,函数概念与性质,三角函数
S0052,3,13,三角函数,幂函数
S0052,13,10,幂函数,指数函数
S0052,10,9,指数函数,平面向量及其应用
S0052,9,4,平面向量及其应用,数列
S0052,4,2,数列,平面解析几何
S0052,2,1,平面解析几何,一元函数导数及其应用
S0052,1,5,一元函数导数及其应用,空间向量与立体几何
S0052,5,11,空间向量与立体几何,对数函数
S0052,11,14,对数函数,函数应用
S0053,17,16,集合与逻辑,复数
S0053,16,12,复数,立体几何初步
S0053,12,6,立体几何初步,函数概念与性质
S0053,6,4,函数概念与性质,数列
S0053,4,1,数列,一元函数导数及其应用
S0053,1,3,一元函数导数及其应用,三角函数
S0053,3,11,三角函数,对数函数
S0053,11,8,对数函数,统计
S0053,8,13,统计,幂函数
S0053,13,14,幂函数,函数应用
S0053,14,10,函数应用,指数函数
S0053,10,15,指数函数,计数原理
S0053,15,7,计数原理,概率
S0053,7,9,概率,平面向量及其应用
S0053,9,2,平面向量及其应用,平面解析几何
S0053,2,5,平面解析几何,空间向量与立体几何
S0054,17,16,集合与逻辑,复数
S0054,16,8,复数,统计
S0054,8,12,统计,立体几何初步
S0054,12,6,立体几何初步,函数概念与性质
S0054,6,3,函数概念与性质,三角函数
S0054,3,4,三角函数,数列
S0054,4,11,数列,对数函数
S0054,11,14,对数函数,函数应用
S0054,14,13,函数应用,幂函数
S0054,13,10,幂函数,指数函数
S0054,10,9,指数函数,平面向量及其应用
S0054,9,2,平面向量及其应用,平面解析几何
S0054,2,1,平面解析几何,一元函数导数及其应用
S0054,1,5,一元函数导数及其应用,空间向量与立体几何
S0054,5,15,空间向量与立体几何,计数原理
S0054,15,7,计数原理,概率
S0055,17,16,集合与逻辑,复数
S0055,16,12,复数,立体几何初步
S0055,12,8,立体几何初步,统计
S0055,8,6,统计,函数概念与性质
S0055,6,1,函数概念与性质,一元函数导数及其应用
S0055,1,3,一元函数导数及其应用,三角函数
S0055,3,15,三角函数,计数原理
S0055,15,13,计数原理,幂函数
S0055,13,10,幂函数,指数函数
S0055,10,14,指数函数,函数应用
S0055,14,9,函数应用,平面向量及其应用
S0055,9,11,平面向量及其应用,对数函数
S0055,11,5,对数函数,空间向量与立体几何
S0055,5,4,空间向量与立体几何,数列
S0055,4,2,数列,平面解析几何
S0055,2,7,平面解析几何,概率
S0056,17,16,集合与逻辑,复数
S0056,16,12,复数,立体几何初步
S0056,12,6,立体几何初步,函数概念与性质
S0056,6,1,函数概念与性质,一元函数导数及其应用
S0056,1,4,一元函数导数及其应用,数列
S0056,4,3,数列,三角函数
S0056,3,9,三角函数,平面向量及其应用
S0056,9,5,平面向量及其应用,空间向量与立体几何
S0056,5,2,空间向量与立体几何,平面解析几何
S0056,2,10,平面解析几何,指数函数
S0056,10,15,指数函数,计数原理
S0056,15,7,计数原理,概率
S0056,7,8,概率,统计
S0056,8,11,统计,对数函数
S0056,11,14,对数函数,函数应用
S0056,14,13,函数应用,幂函数
S0057,17,16,集合与逻辑,复数
S0057,16,12,复数,立体几何初步
S0057,12,6,立体几何初步,函数概念与性质
S0057,6,3,函数概念与性质,三角函数
S0057,3,4,三角函数,数列
S0057,4,13,数列,幂函数
S0057,13,14,幂函数,函数应用
S0057,14,10,函数应用,指数函数
S0057,10,15,指数函数,计数原理
S0057,15,7,计数原理,概率
S0057,7,9,概率,平面向量及其应用
S0057,9,5,平面向量及其应用,空间向量与立体几何
S0057,5,2,空间向量与立体几何,平面解析几何
S0057,2,1,平面解析几何,一元函数导数及其应用
S0057,1,11,一元函数导数及其应用,对数函数
S0057,11,8,对数函数,统计
S0058,17,12,集合与逻辑,立体几何初步
S0058,12,16,立体几何初步,复数
S0058,16,8,复数,统计
S0058,8,6,统计,函数概念与性质
S0058,6,3,函数概念与性质,三角函数
S0058,3,11,三角函数,对数函数
S0058,11,15,对数函数,计数原理
S0058,15,9,计数原理,平面向量及其应用
S0058,9,2,平面向量及其应用,平面解析几何
S0058,2,1,平面解析几何,一元函数导数及其应用
S0058,1,4,一元函数导数及其应用,数列
S0058,4,5,数列,空间向量与立体几何
S0058,5,7,空间向量与立体几何,概率
S0058,7,13,概率,幂函数
S0058,13,10,幂函数,指数函数
S0058,10,14,指数函数,函数应用
S0059,17,16,集合与逻辑,复数
S0059,16,12,复数,立体几何初步
S0059,12,15,立体几何初步,计数原理
S0059,15,7,计数原理,概率
S0059,7,8,概率,统计
S0059,8,6,统计,函数概念与性质
S0059,6,3,函数概念与性质,三角函数
S0059,3,1,三角函数,一元函数导数及其应用
S0059,1,10,一元函数导数及其应用,指数函数
S0059,10,14,指数函数,函数应用
S0059,14,9,函数应用,平面向量及其应用
S0059,9,4,平面向量及其应用,数列
S0059,4,2,数列,平面解析几何
S0059,2,5,平面解析几何,空间向量与立体几何
S0059,5,11,空间向量与立体几何,对数函数
S0059,11,13,对数函数,幂函数
S0060,17,16,集合与逻辑,复数
S0060,16,12,复数,立体几何初步
S0060,12,8,立体几何初步,统计
S0060,8,15,统计,计数原理
S0060,15,7,计数原理,概率
S0060,7,6,概率,函数概念与性质
S0060,6,3,函数概念与性质,三角函数
S0060,3,13,三角函数,幂函数
S0060,13,10,幂函数,指数函数
S0060,10,9,指数函数,平面向量及其应用
S0060,9,5,平面向量及其应用,空间向量与立体几何
S0060,5,2,空间向量与立体几何,平面解析几何
S0060,2,1,平面解析几何,一元函数导数及其应用
S0060,1,4,一元函数导数及其应用,数列
S0060,4,11,数列,对数函数
S0060,11,14,对数函数,函数应用
S0061,17,16,集合与逻辑,复数
S0061,16,12,复数,立体几何初步
S0061,12,15,立体几何初步,计数原理
S0061,15,7,计数原理,概率
S0061,7,6,概率,函数概念与性质
S0061,6,3,函数概念与性质,三角函数
S0061,3,10,三角函数,指数函数
S0061,10,13,指数函数,幂函数
S0061,13,14,幂函数,函数应用
S0061,14,9,函数应用,平面向量及其应用
S0061,9,2,平面向量及其应用,平面解析几何
S0061,2,1,平面解析几何,一元函数导数及其应用
S0061,1,5,一元函数导数及其应用,空间向量与立体几何
S0061,5,4,空间向量与立体几何,数列
S0061,4,11,数列,对数函数
S0061,11,8,对数函数,统计
S0062,17,12,集合与逻辑,立体几何初步
S0062,12,8,立体几何初步,统计
S0062,8,6,统计,函数概念与性质
S0062,6,3,函数概念与性质,三角函数
S0062,3,13,三角函数,幂函数
S0062,13,16,幂函数,复数
S0062,16,9,复数,平面向量及其应用
S0062,9,2,平面向量及其应用,平面解析几何
S0062,2,1,平面解析几何,一元函数导数及其应用
S0062,1,10,一元函数导数及其应用,指数函数
S0062,10,15,指数函数,计数原理
S0062,15,7,计数原理,概率
S0062,7,4,概率,数列
S0062,4,5,数列,空间向量与立体几何
S0062,5,11,空间向量与立体几何,对数函数
S0062,11,14,对数函数,函数应用
S0063,17,16,集合与逻辑,复数
S0063,16,12,复数,立体几何初步
S0063,12,8,立体几何初步,统计
S0063,8,6,统计,函数概念与性质
S0063,6,3,函数概念与性质,三角函数
S0063,3,1,三角函数,一元函数导数及其应用
S0063,1,4,一元函数导数及其应用,数列
S0063,4,10,数列,指数函数
S0063,10,9,指数函数,平面向量及其应用
S0063,9,2,平面向量及其应用,平面解析几何
S0063,2,5,平面解析几何,空间向量与立体几何
S0063,5,15,空间向量与立体几何,计数原理
S0063,15,7,计数原理,概率
S0063,7,11,概率,对数函数
S0063,11,14,对数函数,函数应用
S0063,14,13,函数应用,幂函数
S0064,17,16,集合与逻辑,复数
S0064,16,12,复数,立体几何初步
S0064,12,8,立体几何初步,统计
S0064,8,6,统计,函数概念与性质
S0064,6,3,函数概念与性质,三角函数
S0064,3,4,三角函数,数列
S0064,4,10,数列,指数函数
S0064,10,13,指数函数,幂函数
S0064,13,11,幂函数,对数函数
S0064,11,14,对数函数,函数应用
S0064,14,15,函数应用,计数原理
S0064,15,7,计数原理,概率
S0064,7,9,概率,平面向量及其应用
S0064,9,5,平面向量及其应用,空间向量与立体几何
S0064,5,2,空间向量与立体几何,平面解析几何
S0064,2,1,平面解析几何,一元函数导数及其应用
S0065,17,16,集合与逻辑,复数
S0065,16,12,复数,立体几何初步
S0065,12,6,立体几何初步,函数概念与性质
S0065,6,3,函数概念与性质,三角函数
S0065,3,8,三角函数,统计
S0065,8,14,统计,函数应用
S0065,14,15,函数应用,计数原理
S0065,15,7,计数原理,概率
S0065,7,10,概率,指数函数
S0065,10,9,指数函数,平面向量及其应用
S0065,9,5,平面向量及其应用,空间向量与立体几何
S0065,5,2,空间向量与立体几何,平面解析几何
S0065,2,4,平面解析几何,数列
S0065,4,1,数列,一元函数导数及其应用
S0065,1,11,一元函数导数及其应用,对数函数
S0065,11,13,对数函数,幂函数
S0066,17,16,集合与逻辑,复数
S0066,16,12,复数,立体几何初步
S0066,12,6,立体几何初步,函数概念与性质
S0066,6,3,函数概念与性质,三角函数
S0066,3,4,三角函数,数列
S0066,4,8,数列,统计
S0066,8,11,统计,对数函数
S0066,11,15,对数函数,计数原理
S0066,15,10,计数原理,指数函数
S0066,10,7,指数函数,概率
S0066,7,9,概率,平面向量及其应用
S0066,9,5,平面向量及其应用,空间向量与立体几何
S0066,5,1,空间向量与立体几何,一元函数导数及其应用
S0066,1,2,一元函数导数及其应用,平面解析几何
S0066,2,14,平面解析几何,函数应用
S0066,14,13,函数应用,幂函数
S0067,17,16,集合与逻辑,复数
S0067,16,12,复数,立体几何初步
S0067,12,8,立体几何初步,统计
S0067,8,15,统计,计数原理
S0067,15,7,计数原理,概率
S0067,7,6,概率,函数概念与性质
S0067,6,3,函数概念与性质,三角函数
S0067,3,4,三角函数,数列
S0067,4,11,数列,对数函数
S0067,11,14,对数函数,函数应用
S0067,14,10,函数应用,指数函数
S0067,10,9,指数函数,平面向量及其应用
S0067,9,5,平面向量及其应用,空间向量与立体几何
S0067,5,2,空间向量与立体几何,平面解析几何
S0067,2,1,平面解析几何,一元函数导数及其应用
S0067,1,13,一元函数导数及其应用,幂函数
S0068,17,16,集合与逻辑,复数
S0068,16,12,复数,立体几何初步
S0068,12,15,立体几何初步,计数原理
S0068,15,7,计数原理,概率
S0068,7,8,概率,统计
S0068,8,6,统计,函数概念与性质
S0068,6,1,函数概念与性质,一元函数导数及其应用
S0068,1,4,一元函数导数及其应用,数列
S0068,4,3,数列,三角函数
S0068,3,10,三角函数,指数函数
S0068,10,11,指数函数,对数函数
S0068,11,14,对数函数,函数应用
S0068,14,9,函数应用,平面向量及其应用
S0068,9,2,平面向量及其应用,平面解析几何
S0068,2,5,平面解析几何,空间向量与立体几何
S0068,5,13,空间向量与立体几何,幂函数
S0069,17,16,集合与逻辑,复数
S0069,16,8,复数,统计
S0069,8,6,统计,函数概念与性质
S0069,6,4,函数概念与性质,数列
S0069,4,3,数列,三角函数
S0069,3,9,三角函数,平面向量及其应用
S0069,9,12,平面向量及其应用,立体几何初步
S0069,12,10,立体几何初步,指数函数
S0069,10,11,指数函数,对数函数
S0069,11,1,对数函数,一元函数导数及其应用
S0069,1,2,一元函数导数及其应用,平面解析几何
S0069,2,5,平面解析几何,空间向量与立体几何
S0069,5,14,空间向量与立体几何,函数应用
S0069,14,13,函数应用,幂函数
S0069,13,15,幂函数,计数原理
S0069,15,7,计数原理,概率
S0070,17,16,集合与逻辑,复数
S0070,16,6,复数,函数概念与性质
S0070,6,3,函数概念与性质,三角函数
S0070,3,4,三角函数,数列
S0070,4,1,数列,一元函数导数及其应用
S0070,1,10,一元函数导数及其应用,指数函数
S0070,10,13,指数函数,幂函数
S0070,13,15,幂函数,计数原理
S0070,15,12,计数原理,立体几何初步
S0070,12,7,立体几何初步,概率
S0070,7,11,概率,对数函数
S0070,11,14,对数函数,函数应用
S0070,14,8,函数应用,统计
S0070,8,9,统计,平面向量及其应用
S0070,9,5,平面向量及其应用,空间向量与立体几何
S0070,5,2,空间向量与立体几何,平面解析几何
S0071,17,16,集合与逻辑,复数
S0071,16,12,复数,立体几何初步
S0071,12,8,立体几何初步,统计
S0071,8,6,统计,函数概念与性质
S0071,6,3,函数概念与性质,三角函数
S0071,3,10,三角函数,指数函数
S0071,10,15,指数函数,计数原理
S0071,15,14,计数原理,函数应用
S0071,14,7,函数应用,概率
S0071,7,4,概率,数列
S0071,4,13,数列,幂函数
S0071,13,9,幂函数,平面向量及其应用
S0071,9,2,平面向量及其应用,平面解析几何
S0071,2,1,平面解析几何,一元函数导数及其应用
S0071,1,5,一元函数导数及其应用,空间向量与立体几何
S0071,5,11,空间向量与立体几何,对数函数
S0072,17,16,集合与逻辑,复数
S0072,16,12,复数,立体几何初步
S0072,12,6,立体几何初步,函数概念与性质
S0072,6,3,函数概念与性质,三角函数
S0072,3,10,三角函数,指数函数
S0072,10,13,指数函数,幂函数
S0072,13,14,幂函数,函数应用
S0072,14,15,函数应用,计数原理
S0072,15,7,计数原理,概率
S0072,7,9,概率,平面向量及其应用
S0072,9,5,平面向量及其应用,空间向量与立体几何
S0072,5,2,空间向量与立体几何,平面解析几何
S0072,2,1,平面解析几何,一元函数导数及其应用
S0072,1,4,一元函数导数及其应用,数列
S0072,4,11,数列,对数函数
S0072,11,8,对数函数,统计
S0073,17,16,集合与逻辑,复数
S0073,16,12,复数,立体几何初步
S0073,12,8,立体几何初步,统计
S0073,8,6,统计,函数概念与性质
S0073,6,3,函数概念与性质,三角函数
S0073,3,4,三角函数,数列
S0073,4,13,数列,幂函数
S0073,13,9,幂函数,平面向量及其应用
S0073,9,10,平面向量及其应用,指数函数
S0073,10,1,指数函数,一元函数导数及其应用
S0073,1,2,一元函数导数及其应用,平面解析几何
S0073,2,5,平面解析几何,空间向量与立体几何
S0073,5,15,空间向量与立体几何,计数原理
S0073,15,11,计数原理,对数函数
S0073,11,7,对数函数,概率
S0073,7,14,概率,函数应用
S0074,17,16,集合与逻辑,复数
S0074,16,12,复数,立体几何初步
S0074,12,8,立体几何初步,统计
S0074,8,6,统计,函数概念与性质
S0074,6,13,函数概念与性质,幂函数
S0074,13,10,幂函数,指数函数
S0074,10,11,指数函数,对数函数
S0074,11,14,对数函数,函数应用
S0074,14,3,函数应用,三角函数
S0074,3,9,三角函数,平面向量及其应用
S0074,9,5,平面向量及其应用,空间向量与立体几何
S0074,5,2,空间向量与立体几何,平面解析几何
S0074,2,1,平面解析几何,一元函数导数及其应用
S0074,1,4,一元函数导数及其应用,数列
S0074,4,15,数列,计数原理
S0074,15,7,计数原理,概率
S0075,17,16,集合与逻辑,复数
S0075,16,12,复数,立体几何初步
S0075,12,6,立体几何初步,函数概念与性质
S0075,6,1,函数概念与性质,一元函数导数及其应用
S0075,1,4,一元函数导数及其应用,数列
S0075,4,3,数列,三角函数
S0075,3,8,三角函数,统计
S0075,8,10,统计,指数函数
S0075,10,14,指数函数,函数应用
S0075,14,9,函数应用,平面向量及其应用
S0075,9,2,平面向量及其应用,平面解析几何
S0075,2,5,平面解析几何,空间向量与立体几何
S0075,5,15,空间向量与立体几何,计数原理
S0075,15,11,计数原理,对数函数
S0075,11,7,对数函数,概率
S0075,7,13,概率,幂函数
S0076,17,16,集合与逻辑,复数
S0076,16,12,复数,立体几何初步
S0076,12,8,立体几何初步,统计
S0076,8,6,统计,函数概念与性质
S0076,6,4,函数概念与性质,数列
S0076,4,3,数列,三角函数
S0076,3,9,三角函数,平面向量及其应用
S0076,9,13,平面向量及其应用,幂函数
S0076,13,11,幂函数,对数函数
S0076,11,2,对数函数,平面解析几何
S0076,2,1,平面解析几何,一元函数导数及其应用
S0076,1,5,一元函数导数及其应用,空间向量与立体几何
S0076,5,10,空间向量与立体几何,指数函数
S0076,10,14,指数函数,函数应用
S0076,14,15,函数应用,计数原理
S0076,15,7,计数原理,概率
S0077,17,16,集合与逻辑,复数
S0077,16,12,复数,立体几何初步
S0077,12,6,立体几何初步,函数概念与性质
S0077,6,1,函数概念与性质,一元函数导数及其应用
S0077,1,4,一元函数导数及其应用,数列
S0077,4,3,数列,三角函数
S0077,3,9,三角函数,平面向量及其应用
S0077,9,2,平面向量及其应用,平面解析几何
S0077,2,5,平面解析几何,空间向量与立体几何
S0077,5,10,空间向量与立体几何,指数函数
S0077,10,13,指数函数,幂函数
S0077,13,15,幂函数,计数原理
S0077,15,7,计数原理,概率
S0077,7,11,概率,对数函数
S0077,11,8,对数函数,统计
S0077,8,14,统计,函数应用
S0078,17,16,集合与逻辑,复数
S0078,16,6,复数,函数概念与性质
S0078,6,3,函数概念与性质,三角函数
S0078,3,9,三角函数,平面向量及其应用
S0078,9,13,平面向量及其应用,幂函数
S0078,13,10,幂函数,指数函数
S0078,10,12,指数函数,立体几何初步
S0078,12,14,立体几何初步,函数应用
S0078,14,15,函数应用,计数原理
S0078,15,7,计数原理,概率
S0078,7,8,概率,统计
S0078,8,1,统计,一元函数导数及其应用
S0078,1,4,一元函数导数及其应用,数列
S0078,4,2,数列,平面解析几何
S0078,2,5,平面解析几何,空间向量与立体几何
S0078,5,11,空间向量与立体几何,对数函数
S0079,17,16,集合与逻辑,复数
S0079,16,15,复数,计数原理
S0079,15,12,计数原理,立体几何初步
S0079,12,6,立体几何初步,函数概念与性质
S0079,6,3,函数概念与性质,三角函数
S0079,3,7,三角函数,概率
S0079,7,8,概率,统计
S0079,8,13,统计,幂函数
S0079,13,11,幂函数,对数函数
S0079,11,9,对数函数,平面向量及其应用
S0079,9,2,平面向量及其应用,平面解析几何
S0079,2,4,平面解析几何,数列
S0079,4,1,数列,一元函数导数及其应用
S0079,1,5,一元函数导数及其应用,空间向量与立体几何
S0079,5,14,空间向量与立体几何,函数应用
S0079,14,10,函数应用,指数函数
S0080,17,16,集合与逻辑,复数
S0080,16,8,复数,统计
S0080,8,6,统计,函数概念与性质
S0080,6,3,函数概念与性质,三角函数
S0080,3,1,三角函数,一元函数导数及其应用
S0080,1,4,一元函数导数及其应用,数列
S0080,4,11,数列,对数函数
S0080,11,10,对数函数,指数函数
S0080,10,12,指数函数,立体几何初步
S0080,12,9,立体几何初步,平面向量及其应用
S0080,9,2,平面向量及其应用,平面解析几何
S0080,2,5,平面解析几何,空间向量与立体几何
S0080,5,14,空间向量与立体几何,函数应用
S0080,14,15,函数应用,计数原理
S0080,15,7,计数原理,概率
S0080,7,13,概率,幂函数
S0081,17,16,集合与逻辑,复数
S0081,16,8,复数,统计
S0081,8,12,统计,立体几何初步
S0081,12,15,立体几何初步,计数原理
S0081,15,7,计数原理,概率
S0081,7,6,概率,函数概念与性质
S0081,6,11,函数概念与性质,对数函数
S0081,11,3,对数函数,三角函数
S0081,3,9,三角函数,平面向量及其应用
S0081,9,4,平面向量及其应用,数列
S0081,4,1,数列,一元函数导数及其应用
S0081,1,2,一元函数导数及其应用,平面解析几何
S0081,2,5,平面解析几何,空间向量与立体几何
S0081,5,10,空间向量与立体几何,指数函数
S0081,10,14,指数函数,函数应用
S0081,14,13,函数应用,幂函数
S0082,17,16,集合与逻辑,复数
S0082,16,12,复数,立体几何初步
S0082,12,15,立体几何初步,计数原理
S0082,15,7,计数原理,概率
S0082,7,6,概率,函数概念与性质
S0082,6,3,函数概念与性质,三角函数
S0082,3,13,三角函数,幂函数
S0082,13,10,幂函数,指数函数
S0082,10,9,指数函数,平面向量及其应用
S0082,9,1,平面向量及其应用,一元函数导数及其应用
S0082,1,2,一元函数导数及其应用,平面解析几何
S0082,2,5,平面解析几何,空间向量与立体几何
S0082,5,14,空间向量与立体几何,函数应用
S0082,14,4,函数应用,数列
S0082,4,11,数列,对数函数
S0082,11,8,对数函数,统计
S0083,17,16,集合与逻辑,复数
S0083,16,12,复数,立体几何初步
S0083,12,6,立体几何初步,函数概念与性质
S0083,6,3,函数概念与性质,三角函数
S0083,3,10,三角函数,指数函数
S0083,10,14,指数函数,函数应用
S0083,14,9,函数应用,平面向量及其应用
S0083,9,5,平面向量及其应用,空间向量与立体几何
S0083,5,2,空间向量与立体几何,平面解析几何
S0083,2,1,平面解析几何,一元函数导数及其应用
S0083,1,4,一元函数导数及其应用,数列
S0083,4,8,数列,统计
S0083,8,11,统计,对数函数
S0083,11,15,对数函数,计数原理
S0083,15,7,计数原理,概率
S0083,7,13,概率,幂函数
S0084,17,16,集合与逻辑,复数
S0084,16,12,复数,立体几何初步
S0084,12,6,立体几何初步,函数概念与性质
S0084,6,4,函数概念与性质,数列
S0084,4,1,数列,一元函数导数及其应用
S0084,1,3,一元函数导数及其应用,三角函数
S0084,3,15,三角函数,计数原理
S0084,15,10,计数原理,指数函数
S0084,10,7,指数函数,概率
S0084,7,14,概率,函数应用
S0084,14,9,函数应用,平面向量及其应用
S0084,9,11,平面向量及其应用,对数函数
S0084,11,8,对数函数,统计
S0084,8,2,统计,平面解析几何
S0084,2,5,平面解析几何,空间向量与立体几何
S0084,5,13,空间向量与立体几何,幂函数
S0085,17,16,集合与逻辑,复数
S0085,16,12,复数,立体几何初步
S0085,12,6,立体几何初步,函数概念与性质
S0085,6,3,函数概念与性质,三角函数
S0085,3,9,三角函数,平面向量及其应用
S0085,9,10,平面向量及其应用,指数函数
S0085,10,15,指数函数,计数原理
S0085,15,7,计数原理,概率
S0085,7,5,概率,空间向量与立体几何
S0085,5,2,空间向量与立体几何,平面解析几何
S0085,2,1,平面解析几何,一元函数导数及其应用
S0085,1,4,一元函数导数及其应用,数列
S0085,4,8,数列,统计
S0085,8,11,统计,对数函数
S0085,11,13,对数函数,幂函数
S0085,13,14,幂函数,函数应用
S0086,17,16,集合与逻辑,复数
S0086,16,12,复数,立体几何初步
S0086,12,8,立体几何初步,统计
S0086,8,6,统计,函数概念与性质
S0086,6,11,函数概念与性质,对数函数
S0086,11,10,对数函数,指数函数
S0086,10,14,指数函数,函数应用
S0086,14,15,函数应用,计数原理
S0086,15,7,计数原理,概率
S0086,7,1,概率,一元函数导数及其应用
S0086,1,4,一元函数导数及其应用,数列
S0086,4,3,数列,三角函数
S0086,3,9,三角函数,平面向量及其应用
S0086,9,2,平面向量及其应用,平面解析几何
S0086,2,5,平面解析几何,空间向量与立体几何
S0086,5,13,空间向量与立体几何,幂函数
S0087,17,16,集合与逻辑,复数
S0087,16,12,复数,立体几何初步
S0087,12,6,立体几何初步,函数概念与性质
S0087,6,10,函数概念与性质,指数函数
S0087,10,3,指数函数,三角函数
S0087,3,13,三角函数,幂函数
S0087,13,9,幂函数,平面向量及其应用
S0087,9,14,平面向量及其应用,函数应用
S0087,14,8,函数应用,统计
S0087,8,11,统计,对数函数
S0087,11,5,对数函数,空间向量与立体几何
S0087,5,2,空间向量与立体几何,平面解析几何
S0087,2,1,平面解析几何,一元函数导数及其应用
S0087,1,4,一元函数导数及其应用,数列
S0087,4,15,数列,计数原理
S0087,15,7,计数原理,概率
S0088,17,16,集合与逻辑,复数
S0088,16,12,复数,立体几何初步
S0088,12,8,立体几何初步,统计
S0088,8,6,统计,函数概念与性质
S0088,6,10,函数概念与性质,指数函数
S0088,10,13,指数函数,幂函数
S0088,13,15,幂函数,计数原理
S0088,15,7,计数原理,概率
S0088,7,3,概率,三角函数
S0088,3,9,三角函数,平面向量及其应用
S0088,9,5,平面向量及其应用,空间向量与立体几何
S0088,5,2,空间向量与立体几何,平面解析几何
S0088,2,1,平面解析几何,一元函数导数及其应用
S0088,1,4,一元函数导数及其应用,数列
S0088,4,11,数列,对数函数
S0088,11,14,对数函数,函数应用
S0089,17,16,集合与逻辑,复数
S0089,16,12,复数,立体几何初步
S0089,12,6,立体几何初步,函数概念与性质
S0089,6,3,函数概念与性质,三角函数
S0089,3,9,三角函数,平面向量及其应用
S0089,9,5,平面向量及其应用,空间向量与立体几何
S0089,5,2,空间向量与立体几何,平面解析几何
S0089,2,1,平面解析几何,一元函数导数及其应用
S0089,1,4,一元函数导数及其应用,数列
S0089,4,8,数列,统计
S0089,8,15,统计,计数原理
S0089,15,7,计数原理,概率
S0089,7,11,概率,对数函数
S0089,11,10,对数函数,指数函数
S0089,10,14,指数函数,函数应用
S0089,14,13,函数应用,幂函数
S0090,17,16,集合与逻辑,复数
S0090,16,12,复数,立体几何初步
S0090,12,8,立体几何初步,统计
S0090,8,6,统计,函数概念与性质
S0090,6,3,函数概念与性质,三角函数
S0090,3,10,三角函数,指数函数
S0090,10,9,指数函数,平面向量及其应用
S0090,9,5,平面向量及其应用,空间向量与立体几何
S0090,5,2,空间向量与立体几何,平面解析几何
S0090,2,1,平面解析几何,一元函数导数及其应用
S0090,1,4,一元函数导数及其应用,数列
S0090,4,13,数列,幂函数
S0090,13,15,幂函数,计数原理
S0090,15,7,计数原理,概率
S0090,7,11,概率,对数函数
S0090,11,14,对数函数,函数应用
S0091,17,16,集合与逻辑,复数
S0091,16,12,复数,立体几何初步
S0091,12,8,立体几何初步,统计
S0091,8,6,统计,函数概念与性质
S0091,6,3,函数概念与性质,三角函数
S0091,3,11,三角函数,对数函数
S0091,11,10,对数函数,指数函数
S0091,10,15,指数函数,计数原理
S0091,15,7,计数原理,概率
S0091,7,13,概率,幂函数
S0091,13,9,幂函数,平面向量及其应用
S0091,9,2,平面向量及其应用,平面解析几何
S0091,2,1,平面解析几何,一元函数导数及其应用
S0091,1,4,一元函数导数及其应用,数列
S0091,4,5,数列,空间向量与立体几何
S0091,5,14,空间向量与立体几何,函数应用
S0092,17,16,集合与逻辑,复数
S0092,16,12,复数,立体几何初步
S0092,12,8,立体几何初步,统计
S0092,8,6,统计,函数概念与性质
S0092,6,3,函数概念与性质,三角函数
S0092,3,10,三角函数,指数函数
S0092,10,9,指数函数,平面向量及其应用
S0092,9,5,平面向量及其应用,空间向量与立体几何
S0092,5,2,空间向量与立体几何,平面解析几何
S0092,2,4,平面解析几何,数列
S0092,4,1,数列,一元函数导数及其应用
S0092,1,11,一元函数导数及其应用,对数函数
S0092,11,15,对数函数,计数原理
S0092,15,7,计数原理,概率
S0092,7,14,概率,函数应用
S0092,14,13,函数应用,幂函数
S0093,17,16,集合与逻辑,复数
S0093,16,12,复数,立体几何初步
S0093,12,8,立体几何初步,统计
S0093,8,6,统计,函数概念与性质
S0093,6,3,函数概念与性质,三角函数
S0093,3,9,三角函数,平面向量及其应用
S0093,9,5,平面向量及其应用,空间向量与立体几何
S0093,5,2,空间向量与立体几何,平面解析几何
S0093,2,4,平面解析几何,数列
S0093,4,1,数列,一元函数导数及其应用
S0093,1,10,一元函数导数及其应用,指数函数
S0093,10,14,指数函数,函数应用
S0093,14,15,函数应用,计数原理
S0093,15,7,计数原理,概率
S0093,7,11,概率,对数函数
S0093,11,13,对数函数,幂函数
S0094,17,16,集合与逻辑,复数
S0094,16,12,复数,立体几何初步
S0094,12,15,立体几何初步,计数原理
S0094,15,6,计数原理,函数概念与性质
S0094,6,3,函数概念与性质,三角函数
S0094,3,4,三角函数,数列
S0094,4,1,数列,一元函数导数及其应用
S0094,1,8,一元函数导数及其应用,统计
S0094,8,10,统计,指数函数
S0094,10,9,指数函数,平面向量及其应用
S0094,9,2,平面向量及其应用,平面解析几何
S0094,2,5,平面解析几何,空间向量与立体几何
S0094,5,7,空间向量与立体几何,概率
S0094,7,11,概率,对数函数
S0094,11,14,对数函数,函数应用
S0094,14,13,函数应用,幂函数
S0095,17,16,集合与逻辑,复数
S0095,16,12,复数,立体几何初步
S0095,12,8,立体几何初步,统计
S0095,8,6,统计,函数概念与性质
S0095,6,3,函数概念与性质,三角函数
S0095,3,4,三角函数,数列
S0095,4,1,数列,一元函数导数及其应用
S0095,1,11,一元函数导数及其应用,对数函数
S0095,11,14,对数函数,函数应用
S0095,14,15,函数应用,计数原理
S0095,15,7,计数原理,概率
S0095,7,10,概率,指数函数
S0095,10,9,指数函数,平面向量及其应用
S0095,9,2,平面向量及其应用,平面解析几何
S0095,2,5,平面解析几何,空间向量与立体几何
S0095,5,13,空间向量与立体几何,幂函数
S0096,17,16,集合与逻辑,复数
S0096,16,12,复数,立体几何初步
S0096,12,8,立体几何初步,统计
S0096,8,6,统计,函数概念与性质
S0096,6,3,函数概念与性质,三角函数
S0096,3,4,三角函数,数列
S0096,4,11,数列,对数函数
S0096,11,13,对数函数,幂函数
S0096,13,14,幂函数,函数应用
S0096,14,9,函数应用,平面向量及其应用
S0096,9,5,平面向量及其应用,空间向量与立体几何
S0096,5,2,空间向量与立体几何,平面解析几何
S0096,2,1,平面解析几何,一元函数导数及其应用
S0096,1,10,一元函数导数及其应用,指数函数
S0096,10,15,指数函数,计数原理
S0096,15,7,计数原理,概率
S0097,17,16,集合与逻辑,复数
S0097,16,8,复数,统计
S0097,8,15,统计,计数原理
S0097,15,7,计数原理,概率
S0097,7,6,概率,函数概念与性质
S0097,6,3,函数概念与性质,三角函数
S0097,3,13,三角函数,幂函数
S0097,13,10,幂函数,指数函数
S0097,10,14,指数函数,函数应用
S0097,14,12,函数应用,立体几何初步
S0097,12,9,立体几何初步,平面向量及其应用
S0097,9,2,平面向量及其应用,平面解析几何
S0097,2,5,平面解析几何,空间向量与立体几何
S0097,5,1,空间向量与立体几何,一元函数导数及其应用
S0097,1,4,一元函数导数及其应用,数列
S0097,4,11,数列,对数函数
S0098,17,16,集合与逻辑,复数
S0098,16,8,复数,统计
S0098,8,6,统计,函数概念与性质
S0098,6,3,函数概念与性质,三角函数
S0098,3,4,三角函数,数列
S0098,4,1,数列,一元函数导数及其应用
S0098,1,13,一元函数导数及其应用,幂函数
S0098,13,12,幂函数,立体几何初步
S0098,12,15,立体几何初步,计数原理
S0098,15,7,计数原理,概率
S0098,7,11,概率,对数函数
S0098,11,14,对数函数,函数应用
S0098,14,9,函数应用,平面向量及其应用
S0098,9,5,平面向量及其应用,空间向量与立体几何
S0098,5,2,空间向量与立体几何,平面解析几何
S0098,2,10,平面解析几何,指数函数
S0099,17,16,集合与逻辑,复数
S0099,16,12,复数,立体几何初步
S0099,12,6,立体几何初步,函数概念与性质
S0099,6,4,函数概念与性质,数列
S0099,4,3,数列,三角函数
S0099,3,9,三角函数,平面向量及其应用
S0099,9,13,平面向量及其应用,幂函数
S0099,13,15,幂函数,计数原理
S0099,15,7,计数原理,概率
S0099,7,10,概率,指数函数
S0099,10,8,指数函数,统计
S0099,8,11,统计,对数函数
S0099,11,1,对数函数,一元函数导数及其应用
S0099,1,2,一元函数导数及其应用,平面解析几何
S0099,2,5,平面解析几何,空间向量与立体几何
S0099,5,14,空间向量与立体几何,函数应用
S0100,17,16,集合与逻辑,复数
S0100,16,12,复数,立体几何初步
S0100,12,8,立体几何初步,统计
S0100,8,6,统计,函数概念与性质
S0100,6,3,函数概念与性质,三角函数
S0100,3,4,三角函数,数列
S0100,4,1,数列,一元函数导数及其应用
S0100,1,11,一元函数导数及其应用,对数函数
S0100,11,10,对数函数,指数函数
S0100,10,14,指数函数,函数应用
S0100,14,13,函数应用,幂函数
S0100,13,9,幂函数,平面向量及其应用
S0100,9,2,平面向量及其应用,平面解析几何
S0100,2,5,平面解析几何,空间向量与立体几何
S0100,5,15,空间向量与立体几何,计数原理
S0100,15,7,计数原理,概率
S0101,17,16,集合与逻辑,复数
S0101,16,12,复数,立体几何初步
S0101,12,8,立体几何初步,统计
S0101,8,15,统计,计数原理
S0101,15,7,计数原理,概率
S0101,7,6,概率,函数概念与性质
S0101,6,3,函数概念与性质,三角函数
S0101,3,10,三角函数,指数函数
S0101,10,14,指数函数,函数应用
S0101,14,9,函数应用,平面向量及其应用
S0101,9,5,平面向量及其应用,空间向量与立体几何
S0101,5,2,空间向量与立体几何,平面解析几何
S0101,2,1,平面解析几何,一元函数导数及其应用
S0101,1,4,一元函数导数及其应用,数列
S0101,4,11,数列,对数函数
S0101,11,13,对数函数,幂函数
S0102,17,16,集合与逻辑,复数
S0102,16,12,复数,立体几何初步
S0102,12,6,立体几何初步,函数概念与性质
S0102,6,3,函数概念与性质,三角函数
S0102,3,10,三角函数,指数函数
S0102,10,11,指数函数,对数函数
S0102,11,8,对数函数,统计
S0102,8,13,统计,幂函数
S0102,13,9,幂函数,平面向量及其应用
S0102,9,5,平面向量及其应用,空间向量与立体几何
S0102,5,2,空间向量与立体几何,平面解析几何
S0102,2,1,平面解析几何,一元函数导数及其应用
S0102,1,4,一元函数导数及其应用,数列
S0102,4,14,数列,函数应用
S0102,14,15,函数应用,计数原理
S0102,15,7,计数原理,概率
S0103,17,16,集合与逻辑,复数
S0103,16,6,复数,函数概念与性质
S0103,6,3,函数概念与性质,三角函数
S0103,3,13,三角函数,幂函数
S0103,13,11,幂函数,对数函数
S0103,11,8,对数函数,统计
S0103,8,10,统计,指数函数
S0103,10,15,指数函数,计数原理
S0103,15,7,计数原理,概率
S0103,7,14,概率,函数应用
S0103,14,12,函数应用,立体几何初步
S0103,12,9,立体几何初步,平面向量及其应用
S0103,9,2,平面向量及其应用,平面解析几何
S0103,2,1,平面解析几何,一元函数导数及其应用
S0103,1,4,一元函数导数及其应用,数列
S0103,4,5,数列,空间向量与立体几何
S0104,17,16,集合与逻辑,复数
S0104,16,12,复数,立体几何初步
S0104,12,6,立体几何初步,函数概念与性质
S0104,6,1,函数概念与性质,一元函数导数及其应用
S0104,1,4,一元函数导数及其应用,数列
S0104,4,3,数列,三角函数
S0104,3,8,三角函数,统计
S0104,8,11,统计,对数函数
S0104,11,15,对数函数,计数原理
S0104,15,7,计数原理,概率
S0104,7,9,概率,平面向量及其应用
S0104,9,5,平面向量及其应用,空间向量与立体几何
S0104,5,2,空间向量与立体几何,平面解析几何
S0104,2,10,平面解析几何,指数函数
S0104,10,14,指数函数,函数应用
S0104,14,13,函数应用,幂函数
S0105,17,16,集合与逻辑,复数
S0105,16,8,复数,统计
S0105,8,12,统计,立体几何初步
S0105,12,15,立体几何初步,计数原理
S0105,15,7,计数原理,概率
S0105,7,6,概率,函数概念与性质
S0105,6,10,函数概念与性质,指数函数
S0105,10,4,指数函数,数列
S0105,4,3,数列,三角函数
S0105,3,13,三角函数,幂函数
S0105,13,9,幂函数,平面向量及其应用
S0105,9,2,平面向量及其应用,平面解析几何
S0105,2,1,平面解析几何,一元函数导数及其应用
S0105,1,5,一元函数导数及其应用,空间向量与立体几何
S0105,5,14,空间向量与立体几何,函数应用
S0105,14,11,函数应用,对数函数
S0106,17,16,集合与逻辑,复数
S0106,16,12,复数,立体几何初步
S0106,12,8,立体几何初步,统计
S0106,8,6,统计,函数概念与性质
S0106,6,3,函数概念与性质,三角函数
S0106,3,1,三角函数,一元函数导数及其应用
S0106,1,13,一元函数导数及其应用,幂函数
S0106,13,15,幂函数,计数原理
S0106,15,7,计数原理,概率
S0106,7,11,概率,对数函数
S0106,11,14,对数函数,函数应用
S0106,14,9,函数应用,平面向量及其应用
S0106,9,5,平面向量及其应用,空间向量与立体几何
S0106,5,2,空间向量与立体几何,平面解析几何
S0106,2,4,平面解析几何,数列
S0106,4,10,数列,指数函数
S0107,17,16,集合与逻辑,复数
S0107,16,15,复数,计数原理
S0107,15,12,计数原理,立体几何初步
S0107,12,8,立体几何初步,统计
S0107,8,6,统计,函数概念与性质
S0107,6,3,函数概念与性质,三角函数
S0107,3,1,三角函数,一元函数导数及其应用
S0107,1,7,一元函数导数及其应用,概率
S0107,7,11,概率,对数函数
S0107,11,13,对数函数,幂函数
S0107,13,10,幂函数,指数函数
S0107,10,9,指数函数,平面向量及其应用
S0107,9,2,平面向量及其应用,平面解析几何
S0107,2,4,平面解析几何,数列
S0107,4,5,数列,空间向量与立体几何
S0107,5,14,空间向量与立体几何,函数应用
S0108,17,16,集合与逻辑,复数
S0108,16,12,复数,立体几何初步
S0108,12,6,立体几何初步,函数概念与性质
S0108,6,3,函数概念与性质,三角函数
S0108,3,4,三角函数,数列
S0108,4,13,数列,幂函数
S0108,13,10,幂函数,指数函数
S0108,10,15,指数函数,计数原理
S0108,15,14,计数原理,函数应用
S0108,14,9,函数应用,平面向量及其应用
S0108,9,5,平面向量及其应用,空间向量与立体几何
S0108,5,2,空间向量与立体几何,平面解析几何
S0108,2,1,平面解析几何,一元函数导数及其应用
S0108,1,8,一元函数导数及其应用,统计
S0108,8,11,统计,对数函数
S0108,11,7,对数函数,概率
S0109,17,16,集合与逻辑,复数
S0109,16,12,复数,立体几何初步
S0109,12,6,立体几何初步,函数概念与性质
S0109,6,3,函数概念与性质,三角函数
S0109,3,11,三角函数,对数函数
S0109,11,8,对数函数,统计
S0109,8,10,统计,指数函数
S0109,10,9,指数函数,平面向量及其应用
S0109,9,2,平面向量及其应用,平面解析几何
S0109,2,4,平面解析几何,数列
S0109,4,1,数列,一元函数导数及其应用
S0109,1,5,一元函数导数及其应用,空间向量与立体几何
S0109,5,15,空间向量与立体几何,计数原理
S0109,15,7,计数原理,概率
S0109,7,14,概率,函数应用
S0109,14,13,函数应用,幂函数
S0110,17,16,集合与逻辑,复数
S0110,16,8,复数,统计
S0110,8,12,统计,立体几何初步
S0110,12,6,立体几何初步,函数概念与性质
S0110,6,3,函数概念与性质,三角函数
S0110,3,1,三角函数,一元函数导数及其应用
S0110,1,4,一元函数导数及其应用,数列
S0110,4,11,数列,对数函数
S0110,11,10,对数函数,指数函数
S0110,10,14,指数函数,函数应用
S0110,14,15,函数应用,计数原理
S0110,15,7,计数原理,概率
S0110,7,9,概率,平面向量及其应用
S0110,9,2,平面向量及其应用,平面解析几何
S0110,2,5,平面解析几何,空间向量与立体几何
S0110,5,13,空间向量与立体几何,幂函数
S0111,17,16,集合与逻辑,复数
S0111,16,12,复数,立体几何初步
S0111,12,8,立体几何初步,统计
S0111,8,6,统计,函数概念与性质
S0111,6,3,函数概念与性质,三角函数
S0111,3,10,三角函数,指数函数
S0111,10,9,指数函数,平面向量及其应用
S0111,9,13,平面向量及其应用,幂函数
S0111,13,11,幂函数,对数函数
S0111,11,5,对数函数,空间向量与立体几何
S0111,5,4,空间向量与立体几何,数列
S0111,4,1,数列,一元函数导数及其应用
S0111,1,2,一元函数导数及其应用,平面解析几何
S0111,2,15,平面解析几何,计数原理
S0111,15,7,计数原理,概率
S0111,7,14,概率,函数应用
S0112,17,16,集合与逻辑,复数
S0112,16,12,复数,立体几何初步
S0112,12,8,立体几何初步,统计
S0112,8,6,统计,函数概念与性质
S0112,6,3,函数概念与性质,三角函数
S0112,3,10,三角函数,指数函数
S0112,10,9,指数函数,平面向量及其应用
S0112,9,13,平面向量及其应用,幂函数
S0112,13,4,幂函数,数列
S0112,4,1,数列,一元函数导数及其应用
S0112,1,2,一元函数导数及其应用,平面解析几何
S0112,2,5,平面解析几何,空间向量与立体几何
S0112,5,15,空间向量与立体几何,计数原理
S0112,15,7,计数原理,概率
S0112,7,11,概率,对数函数
S0112,11,14,对数函数,函数应用
S0113,17,16,集合与逻辑,复数
S0113,16,12,复数,立体几何初步
S0113,12,8,立体几何初步,统计
S0113,8,6,统计,函数概念与性质
S0113,6,3,函数概念与性质,三角函数
S0113,3,4,三角函数,数列
S0113,4,9,数列,平面向量及其应用
S0113,9,2,平面向量及其应用,平面解析几何
S0113,2,1,平面解析几何,一元函数导数及其应用
S0113,1,5,一元函数导数及其应用,空间向量与立体几何
S0113,5,10,空间向量与立体几何,指数函数
S0113,10,13,指数函数,幂函数
S0113,13,15,幂函数,计数原理
S0113,15,7,计数原理,概率
S0113,7,11,概率,对数函数
S0113,11,14,对数函数,函数应用
S0114,17,16,集合与逻辑,复数
S0114,16,12,复数,立体几何初步
S0114,12,6,立体几何初步,函数概念与性质
S0114,6,3,函数概念与性质,三角函数
S0114,3,10,三角函数,指数函数
S0114,10,13,指数函数,幂函数
S0114,13,9,幂函数,平面向量及其应用
S0114,9,5,平面向量及其应用,空间向量与立体几何
S0114,5,2,空间向量与立体几何,平面解析几何
S0114,2,1,平面解析几何,一元函数导数及其应用
S0114,1,4,一元函数导数及其应用,数列
S0114,4,14,数列,函数应用
S0114,14,15,函数应用,计数原理
S0114,15,7,计数原理,概率
S0114,7,8,概率,统计
S0114,8,11,统计,对数函数
S0115,17,16,集合与逻辑,复数
S0115,16,12,复数,立体几何初步
S0115,12,8,立体几何初步,统计
S0115,8,6,统计,函数概念与性质
S0115,6,4,函数概念与性质,数列
S0115,4,3,数列,三角函数
S0115,3,9,三角函数,平面向量及其应用
S0115,9,5,平面向量及其应用,空间向量与立体几何
S0115,5,2,空间向量与立体几何,平面解析几何
S0115,2,1,平面解析几何,一元函数导数及其应用
S0115,1,13,一元函数导数及其应用,幂函数
S0115,13,14,幂函数,函数应用
S0115,14,15,函数应用,计数原理
S0115,15,7,计数原理,概率
S0115,7,11,概率,对数函数
S0115,11,10,对数函数,指数函数
S0116,17,16,集合与逻辑,复数
S0116,16,12,复数,立体几何初步
S0116,12,6,立体几何初步,函数概念与性质
S0116,6,3,函数概念与性质,三角函数
S0116,3,9,三角函数,平面向量及其应用
S0116,9,10,平面向量及其应用,指数函数
S0116,10,13,指数函数,幂函数
S0116,13,15,幂函数,计数原理
S0116,15,7,计数原理,概率
S0116,7,4,概率,数列
S0116,4,5,数列,空间向量与立体几何
S0116,5,1,空间向量与立体几何,一元函数导数及其应用
S0116,1,2,一元函数导数及其应用,平面解析几何
S0116,2,8,平面解析几何,统计
S0116,8,11,统计,对数函数
S0116,11,14,对数函数,函数应用
S0117,17,16,集合与逻辑,复数
S0117,16,12,复数,立体几何初步
S0117,12,15,立体几何初步,计数原理
S0117,15,8,计数原理,统计
S0117,8,7,统计,概率
S0117,7,6,概率,函数概念与性质
S0117,6,3,函数概念与性质,三角函数
S0117,3,10,三角函数,指数函数
S0117,10,9,指数函数,平面向量及其应用
S0117,9,5,平面向量及其应用,空间向量与立体几何
S0117,5,2,空间向量与立体几何,平面解析几何
S0117,2,1,平面解析几何,一元函数导数及其应用
S0117,1,4,一元函数导数及其应用,数列
S0117,4,11,数列,对数函数
S0117,11,13,对数函数,幂函数
S0117,13,14,幂函数,函数应用
S0118,17,16,集合与逻辑,复数
S0118,16,8,复数,统计
S0118,8,12,统计,立体几何初步
S0118,12,6,立体几何初步,函数概念与性质
S0118,6,3,函数概念与性质,三角函数
S0118,3,11,三角函数,对数函数
S0118,11,9,对数函数,平面向量及其应用
S0118,9,13,平面向量及其应用,幂函数
S0118,13,14,幂函数,函数应用
S0118,14,10,函数应用,指数函数
S0118,10,2,指数函数,平面解析几何
S0118,2,1,平面解析几何,一元函数导数及其应用
S0118,1,4,一元函数导数及其应用,数列
S0118,4,5,数列,空间向量与立体几何
S0118,5,15,空间向量与立体几何,计数原理
S0118,15,7,计数原理,概率
S0119,17,16,集合与逻辑,复数
S0119,16,12,复数,立体几何初步
S0119,12,8,立体几何初步,统计
S0119,8,6,统计,函数概念与性质
S0119,6,1,函数概念与性质,一元函数导数及其应用
S0119,1,3,一元函数导数及其应用,三角函数
S0119,3,9,三角函数,平面向量及其应用
S0119,9,2,平面向量及其应用,平面解析几何
S0119,2,4,平面解析几何,数列
S0119,4,5,数列,空间向量与立体几何
S0119,5,10,空间向量与立体几何,指数函数
S0119,10,14,指数函数,函数应用
S0119,14,15,函数应用,计数原理
S0119,15,7,计数原理,概率
S0119,7,11,概率,对数函数
S0119,11,13,对数函数,幂函数
S0120,17,16,集合与逻辑,复数
S0120,16,6,复数,函数概念与性质
S0120,6,3,函数概念与性质,三角函数
S0120,3,4,三角函数,数列
S0120,4,10,数列,指数函数
S0120,10,12,指数函数,立体几何初步
S0120,12,14,立体几何初步,函数应用
S0120,14,13,函数应用,幂函数
S0120,13,9,幂函数,平面向量及其应用
S0120,9,2,平面向量及其应用,平面解析几何
S0120,2,1,平面解析几何,一元函数导数及其应用
S0120,1,8,一元函数导数及其应用,统计
S0120,8,5,统计,空间向量与立体几何
S0120,5,15,空间向量与立体几何,计数原理
S0120,15,7,计数原理,概率
S0120,7,11,概率,对数函数
S0121,17,16,集合与逻辑,复数
S0121,16,12,复数,立体几何初步
S0121,12,8,立体几何初步,统计
S0121,8,15,统计,计数原理
S0121,15,7,计数原理,概率
S0121,7,6,概率,函数概念与性质
S0121,6,1,函数概念与性质,一元函数导数及其应用
S0121,1,4,一元函数导数及其应用,数列
S0121,4,3,数列,三角函数
S0121,3,9,三角函数,平面向量及其应用
S0121,9,2,平面向量及其应用,平面解析几何
S0121,2,5,平面解析几何,空间向量与立体几何
S0121,5,11,空间向量与立体几何,对数函数
S0121,11,10,对数函数,指数函数
S0121,10,14,指数函数,函数应用
S0121,14,13,函数应用,幂函数
S0122,17,16,集合与逻辑,复数
S0122,16,12,复数,立体几何初步
S0122,12,8,立体几何初步,统计
S0122,8,6,统计,函数概念与性质
S0122,6,3,函数概念与性质,三角函数
S0122,3,1,三角函数,一元函数导数及其应用
S0122,1,4,一元函数导数及其应用,数列
S0122,4,13,数列,幂函数
S0122,13,10,幂函数,指数函数
S0122,10,14,指数函数,函数应用
S0122,14,9,函数应用,平面向量及其应用
S0122,9,2,平面向量及其应用,平面解析几何
S0122,2,5,平面解析几何,空间向量与立体几何
S0122,5,15,空间向量与立体几何,计数原理
S0122,15,7,计数原理,概率
S0122,7,11,概率,对数函数
S0123,17,16,集合与逻辑,复数
S0123,16,15,复数,计数原理
S0123,15,7,计数原理,概率
S0123,7,8,概率,统计
S0123,8,6,统计,函数概念与性质
S0123,6,3,函数概念与性质,三角函数
S0123,3,11,三角函数,对数函数
S0123,11,1,对数函数,一元函数导数及其应用
S0123,1,10,一元函数导数及其应用,指数函数
S0123,10,12,指数函数,立体几何初步
S0123,12,14,立体几何初步,函数应用
S0123,14,13,函数应用,幂函数
S0123,13,9,幂函数,平面向量及其应用
S0123,9,5,平面向量及其应用,空间向量与立体几何
S0123,5,2,空间向量与立体几何,平面解析几何
S0123,2,4,平面解析几何,数列
S0124,17,16,集合与逻辑,复数
S0124,16,12,复数,立体几何初步
S0124,12,6,立体几何初步,函数概念与性质
S0124,6,3,函数概念与性质,三角函数
S0124,3,9,三角函数,平面向量及其应用
S0124,9,5,平面向量及其应用,空间向量与立体几何
S0124,5,15,空间向量与立体几何,计数原理
S0124,15,7,计数原理,概率
S0124,7,8,概率,统计
S0124,8,2,统计,平面解析几何
S0124,2,1,平面解析几何,一元函数导数及其应用
S0124,1,4,一元函数导数及其应用,数列
S0124,4,11,数列,对数函数
S0124,11,14,对数函数,函数应用
S0124,14,10,函数应用,指数函数
S0124,10,13,指数函数,幂函数
S0125,17,16,集合与逻辑,复数
S0125,16,6,复数,函数概念与性质
S0125,6,3,函数概念与性质,三角函数
S0125,3,9,三角函数,平面向量及其应用
S0125,9,13,平面向量及其应用,幂函数
S0125,13,12,幂函数,立体几何初步
S0125,12,5,立体几何初步,空间向量与立体几何
S0125,5,2,空间向量与立体几何,平面解析几何
S0125,2,1,平面解析几何,一元函数导数及其应用
S0125,1,4,一元函数导数及其应用,数列
S0125,4,14,数列,函数应用
S0125,14,10,函数应用,指数函数
S0125,10,11,指数函数,对数函数
S0125,11,15,对数函数,计数原理
S0125,15,7,计数原理,概率
S0125,7,8,概率,统计
S0126,17,16,集合与逻辑,复数
S0126,16,8,复数,统计
S0126,8,6,统计,函数概念与性质
S0126,6,3,函数概念与性质,三角函数
S0126,3,1,三角函数,一元函数导数及其应用
S0126,1,4,一元函数导数及其应用,数列
S0126,4,10,数列,指数函数
S0126,10,12,指数函数,立体几何初步
S0126,12,14,立体几何初步,函数应用
S0126,14,15,函数应用,计数原理
S0126,15,7,计数原理,概率
S0126,7,11,概率,对数函数
S0126,11,9,对数函数,平面向量及其应用
S0126,9,2,平面向量及其应用,平面解析几何
S0126,2,5,平面解析几何,空间向量与立体几何
S0126,5,13,空间向量与立体几何,幂函数
S0127,17,16,集合与逻辑,复数
S0127,16,12,复数,立体几何初步
S0127,12,15,立体几何初步,计数原理
S0127,15,7,计数原理,概率
S0127,7,8,概率,统计
S0127,8,6,统计,函数概念与性质
S0127,6,3,函数概念与性质,三角函数
S0127,3,13,三角函数,幂函数
S0127,13,11,幂函数,对数函数
S0127,11,10,对数函数,指数函数
S0127,10,14,指数函数,函数应用
S0127,14,9,函数应用,平面向量及其应用
S0127,9,2,平面向量及其应用,平面解析几何
S0127,2,1,平面解析几何,一元函数导数及其应用
S0127,1,4,一元函数导数及其应用,数列
S0127,4,5,数列,空间向量与立体几何
S0128,17,16,集合与逻辑,复数
S0128,16,6,复数,函数概念与性质
S0128,6,3,函数概念与性质,三角函数
S0128,3,14,三角函数,函数应用
S0128,14,9,函数应用,平面向量及其应用
S0128,9,10,平面向量及其应用,指数函数
S0128,10,13,指数函数,幂函数
S0128,13,8,幂函数,统计
S0128,8,11,统计,对数函数
S0128,11,4,对数函数,数列
S0128,4,2,数列,平面解析几何
S0128,2,1,平面解析几何,一元函数导数及其应用
S0128,1,15,一元函数导数及其应用,计数原理
S0128,15,7,计数原理,概率
S0128,7,12,概率,立体几何初步
S0128,12,5,立体几何初步,空间向量与立体几何
S0129,17,16,集合与逻辑,复数
S0129,16,12,复数,立体几何初步
S0129,12,8,立体几何初步,统计
S0129,8,6,统计,函数概念与性质
S0129,6,3,函数概念与性质,三角函数
S0129,3,9,三角函数,平面向量及其应用
S0129,9,2,平面向量及其应用,平面解析几何
S0129,2,1,平面解析几何,一元函数导数及其应用
S0129,1,4,一元函数导数及其应用,数列
S0129,4,5,数列,空间向量与立体几何
S0129,5,10,空间向量与立体几何,指数函数
S0129,10,14,指数函数,函数应用
S0129,14,15,函数应用,计数原理
S0129,15,7,计数原理,概率
S0129,7,11,概率,对数函数
S0129,11,13,对数函数,幂函数
S0130,17,16,集合与逻辑,复数
S0130,16,12,复数,立体几何初步
S0130,12,6,立体几何初步,函数概念与性质
S0130,6,1,函数概念与性质,一元函数导数及其应用
S0130,1,3,一元函数导数及其应用,三角函数
S0130,3,8,三角函数,统计
S0130,8,10,统计,指数函数
S0130,10,14,指数函数,函数应用
S0130,14,9,函数应用,平面向量及其应用
S0130,9,5,平面向量及其应用,空间向量与立体几何
S0130,5,2,空间向量与立体几何,平面解析几何
S0130,2,4,平面解析几何,数列
S0130,4,15,数列,计数原理
S0130,15,7,计数原理,概率
S0130,7,11,概率,对数函数
S0130,11,13,对数函数,幂函数
S0131,17,16,集合与逻辑,复数
S0131,16,12,复数,立体几何初步
S0131,12,8,立体几何初步,统计
S0131,8,6,统计,函数概念与性质
S0131,6,3,函数概念与性质,三角函数
S0131,3,11,三角函数,对数函数
S0131,11,14,对数函数,函数应用
S0131,14,9,函数应用,平面向量及其应用
S0131,9,2,平面向量及其应用,平面解析几何
S0131,2,5,平面解析几何,空间向量与立体几何
S0131,5,4,空间向量与立体几何,数列
S0131,4,1,数列,一元函数导数及其应用
S0131,1,10,一元函数导数及其应用,指数函数
S0131,10,15,指数函数,计数原理
S0131,15,7,计数原理,概率
S0131,7,13,概率,幂函数
S0132,17,16,集合与逻辑,复数
S0132,16,12,复数,立体几何初步
S0132,12,15,立体几何初步,计数原理
S0132,15,7,计数原理,概率
S0132,7,8,概率,统计
S0132,8,6,统计,函数概念与性质
S0132,6,13,函数概念与性质,幂函数
S0132,13,10,幂函数,指数函数
S0132,10,14,指数函数,函数应用
S0132,14,4,函数应用,数列
S0132,4,1,数列,一元函数导数及其应用
S0132,1,3,一元函数导数及其应用,三角函数
S0132,3,9,三角函数,平面向量及其应用
S0132,9,2,平面向量及其应用,平面解析几何
S0132,2,5,平面解析几何,空间向量与立体几何
S0132,5,11,空间向量与立体几何,对数函数
S0133,17,16,集合与逻辑,复数
S0133,16,12,复数,立体几何初步
S0133,12,6,立体几何初步,函数概念与性质
S0133,6,3,函数概念与性质,三角函数
S0133,3,13,三角函数,幂函数
S0133,13,9,幂函数,平面向量及其应用
S0133,9,5,平面向量及其应用,空间向量与立体几何
S0133,5,2,空间向量与立体几何,平面解析几何
S0133,2,1,平面解析几何,一元函数导数及其应用
S0133,1,4,一元函数导数及其应用,数列
S0133,4,10,数列,指数函数
S0133,10,11,指数函数,对数函数
S0133,11,8,对数函数,统计
S0133,8,15,统计,计数原理
S0133,15,7,计数原理,概率
S0133,7,14,概率,函数应用
S0134,17,16,集合与逻辑,复数
S0134,16,8,复数,统计
S0134,8,6,统计,函数概念与性质
S0134,6,3,函数概念与性质,三角函数
S0134,3,10,三角函数,指数函数
S0134,10,13,指数函数,幂函数
S0134,13,15,幂函数,计数原理
S0134,15,7,计数原理,概率
S0134,7,9,概率,平面向量及其应用
S0134,9,2,平面向量及其应用,平面解析几何
S0134,2,1,平面解析几何,一元函数导数及其应用
S0134,1,4,一元函数导数及其应用,数列
S0134,4,11,数列,对数函数
S0134,11,14,对数函数,函数应用
S0134,14,12,函数应用,立体几何初步
S0134,12,5,立体几何初步,空间向量与立体几何
S0135,17,16,集合与逻辑,复数
S0135,16,12,复数,立体几何初步
S0135,12,15,立体几何初步,计数原理
S0135,15,7,计数原理,概率
S0135,7,8,概率,统计
S0135,8,6,统计,函数概念与性质
S0135,6,3,函数概念与性质,三角函数
S0135,3,1,三角函数,一元函数导数及其应用
S0135,1,4,一元函数导数及其应用,数列
S0135,4,13,数列,幂函数
S0135,13,10,幂函数,指数函数
S0135,10,14,指数函数,函数应用
S0135,14,9,函数应用,平面向量及其应用
S0135,9,2,平面向量及其应用,平面解析几何
S0135,2,5,平面解析几何,空间向量与立体几何
S0135,5,11,空间向量与立体几何,对数函数
S0136,17,16,集合与逻辑,复数
S0136,16,12,复数,立体几何初步
S0136,12,15,立体几何初步,计数原理
S0136,15,7,计数原理,概率
S0136,7,6,概率,函数概念与性质
S0136,6,3,函数概念与性质,三角函数
S0136,3,11,三角函数,对数函数
S0136,11,10,对数函数,指数函数
S0136,10,13,指数函数,幂函数
S0136,13,9,幂函数,平面向量及其应用
S0136,9,2,平面向量及其应用,平面解析几何
S0136,2,5,平面解析几何,空间向量与立体几何
S0136,5,4,空间向量与立体几何,数列
S0136,4,1,数列,一元函数导数及其应用
S0136,1,8,一元函数导数及其应用,统计
S0136,8,14,统计,函数应用
S0137,17,16,集合与逻辑,复数
S0137,16,8,复数,统计
S0137,8,12,统计,立体几何初步
S0137,12,15,立体几何初步,计数原理
S0137,15,6,计数原理,函数概念与性质
S0137,6,3,函数概念与性质,三角函数
S0137,3,1,三角函数,一元函数导数及其应用
S0137,1,4,一元函数导数及其应用,数列
S0137,4,11,数列,对数函数
S0137,11,10,对数函数,指数函数
S0137,10,14,指数函数,函数应用
S0137,14,9,函数应用,平面向量及其应用
S0137,9,2,平面向量及其应用,平面解析几何
S0137,2,5,平面解析几何,空间向量与立体几何
S0137,5,7,空间向量与立体几何,概率
S0137,7,13,概率,幂函数
S0138,17,16,集合与逻辑,复数
S0138,16,12,复数,立体几何初步
S0138,12,6,立体几何初步,函数概念与性质
S0138,6,3,函数概念与性质,三角函数
S0138,3,4,三角函数,数列
S0138,4,9,数列,平面向量及其应用
S0138,9,8,平面向量及其应用,统计
S0138,8,2,统计,平面解析几何
S0138,2,1,平面解析几何,一元函数导数及其应用
S0138,1,5,一元函数导数及其应用,空间向量与立体几何
S0138,5,11,空间向量与立体几何,对数函数
S0138,11,15,对数函数,计数原理
S0138,15,13,计数原理,幂函数
S0138,13,7,幂函数,概率
S0138,7,10,概率,指数函数
S0138,10,14,指数函数,函数应用
S0139,17,12,集合与逻辑,立体几何初步
S0139,12,6,立体几何初步,函数概念与性质
S0139,6,1,函数概念与性质,一元函数导数及其应用
S0139,1,3,一元函数导数及其应用,三角函数
S0139,3,9,三角函数,平面向量及其应用
S0139,9,10,平面向量及其应用,指数函数
S0139,10,8,指数函数,统计
S0139,8,14,统计,函数应用
S0139,14,11,函数应用,对数函数
S0139,11,5,对数函数,空间向量与立体几何
S0139,5,4,空间向量与立体几何,数列
S0139,4,2,数列,平面解析几何
S0139,2,15,平面解析几何,计数原理
S0139,15,7,计数原理,概率
S0139,7,13,概率,幂函数
S0139,13,16,幂函数,复数
S0140,17,16,集合与逻辑,复数
S0140,16,12,复数,立体几何初步
S0140,12,6,立体几何初步,函数概念与性质
S0140,6,3,函数概念与性质,三角函数
S0140,3,13,三角函数,幂函数
S0140,13,10,幂函数,指数函数
S0140,10,9,指数函数,平面向量及其应用
S0140,9,2,平面向量及其应用,平面解析几何
S0140,2,4,平面解析几何,数列
S0140,4,1,数列,一元函数导数及其应用
S0140,1,5,一元函数导数及其应用,空间向量与立体几何
S0140,5,11,空间向量与立体几何,对数函数
S0140,11,14,对数函数,函数应用
S0140,14,15,函数应用,计数原理
S0140,15,7,计数原理,概率
S0140,7,8,概率,统计
S0141,17,16,集合与逻辑,复数
S0141,16,12,复数,立体几何初步
S0141,12,15,立体几何初步,计数原理
S0141,15,7,计数原理,概率
S0141,7,8,概率,统计
S0141,8,6,统计,函数概念与性质
S0141,6,3,函数概念与性质,三角函数
S0141,3,11,三角函数,对数函数
S0141,11,9,对数函数,平面向量及其应用
S0141,9,5,平面向量及其应用,空间向量与立体几何
S0141,5,2,空间向量与立体几何,平面解析几何
S0141,2,1,平面解析几何,一元函数导数及其应用
S0141,1,4,一元函数导数及其应用,数列
S0141,4,10,数列,指数函数
S0141,10,13,指数函数,幂函数
S0141,13,14,幂函数,函数应用
S0142,17,16,集合与逻辑,复数
S0142,16,12,复数,立体几何初步
S0142,12,8,立体几何初步,统计
S0142,8,6,统计,函数概念与性质
S0142,6,3,函数概念与性质,三角函数
S0142,3,1,三角函数,一元函数导数及其应用
S0142,1,11,一元函数导数及其应用,对数函数
S0142,11,14,对数函数,函数应用
S0142,14,13,函数应用,幂函数
S0142,13,10,幂函数,指数函数
S0142,10,9,指数函数,平面向量及其应用
S0142,9,4,平面向量及其应用,数列
S0142,4,2,数列,平面解析几何
S0142,2,5,平面解析几何,空间向量与立体几何
S0142,5,15,空间向量与立体几何,计数原理
S0142,15,7,计数原理,概率
S0143,17,16,集合与逻辑,复数
S0143,16,12,复数,立体几何初步
S0143,12,8,立体几何初步,统计
S0143,8,6,统计,函数概念与性质
S0143,6,3,函数概念与性质,三角函数
S0143,3,1,三角函数,一元函数导数及其应用
S0143,1,4,一元函数导数及其应用,数列
S0143,4,9,数列,平面向量及其应用
S0143,9,2,平面向量及其应用,平面解析几何
S0143,2,5,平面解析几何,空间向量与立体几何
S0143,5,11,空间向量与立体几何,对数函数
S0143,11,14,对数函数,函数应用
S0143,14,15,函数应用,计数原理
S0143,15,7,计数原理,概率
S0143,7,10,概率,指数函数
S0143,10,13,指数函数,幂函数
S0144,17,16,集合与逻辑,复数
S0144,16,6,复数,函数概念与性质
S0144,6,3,函数概念与性质,三角函数
S0144,3,13,三角函数,幂函数
S0144,13,10,幂函数,指数函数
S0144,10,12,指数函数,立体几何初步
S0144,12,9,立体几何初步,平面向量及其应用
S0144,9,2,平面向量及其应用,平面解析几何
S0144,2,1,平面解析几何,一元函数导数及其应用
S0144,1,4,一元函数导数及其应用,数列
S0144,4,8,数列,统计
S0144,8,15,统计,计数原理
S0144,15,7,计数原理,概率
S0144,7,11,概率,对数函数
S0144,11,5,对数函数,空间向量与立体几何
S0144,5,14,空间向量与立体几何,函数应用
S0145,17,16,集合与逻辑,复数
S0145,16,12,复数,立体几何初步
S0145,12,8,立体几何初步,统计
S0145,8,15,统计,计数原理
S0145,15,7,计数原理,概率
S0145,7,6,概率,函数概念与性质
S0145,6,4,函数概念与性质,数列
S0145,4,1,数列,一元函数导数及其应用
S0145,1,3,一元函数导数及其应用,三角函数
S0145,3,9,三角函数,平面向量及其应用
S0145,9,5,平面向量及其应用,空间向量与立体几何
S0145,5,2,空间向量与立体几何,平面解析几何
S0145,2,11,平面解析几何,对数函数
S0145,11,14,对数函数,函数应用
S0145,14,10,函数应用,指数函数
S0145,10,13,指数函数,幂函数
S0146,17,16,集合与逻辑,复数
S0146,16,6,复数,函数概念与性质
S0146,6,3,函数概念与性质,三角函数
S0146,3,11,三角函数,对数函数
S0146,11,13,对数函数,幂函数
S0146,13,15,幂函数,计数原理
S0146,15,12,计数原理,立体几何初步
S0146,12,9,立体几何初步,平面向量及其应用
S0146,9,5,平面向量及其应用,空间向量与立体几何
S0146,5,2,空间向量与立体几何,平面解析几何
S0146,2,1,平面解析几何,一元函数导数及其应用
S0146,1,4,一元函数导数及其应用,数列
S0146,4,7,数列,概率
S0146,7,8,概率,统计
S0146,8,10,统计,指数函数
S0146,10,14,指数函数,函数应用
S0147,17,16,集合与逻辑,复数
S0147,16,6,复数,函数概念与性质
S0147,6,4,函数概念与性质,数列
S0147,4,3,数列,三角函数
S0147,3,10,三角函数,指数函数
S0147,10,13,指数函数,幂函数
S0147,13,15,幂函数,计数原理
S0147,15,7,计数原理,概率
S0147,7,11,概率,对数函数
S0147,11,9,对数函数,平面向量及其应用
S0147,9,12,平面向量及其应用,立体几何初步
S0147,12,1,立体几何初步,一元函数导数及其应用
S0147,1,2,一元函数导数及其应用,平面解析几何
S0147,2,5,平面解析几何,空间向量与立体几何
S0147,5,8,空间向量与立体几何,统计
S0147,8,14,统计,函数应用
S0148,17,16,集合与逻辑,复数
S0148,16,6,复数,函数概念与性质
S0148,6,3,函数概念与性质,三角函数
S0148,3,4,三角函数,数列
S0148,4,9,数列,平面向量及其应用
S0148,9,10,平面向量及其应用,指数函数
S0148,10,13,指数函数,幂函数
S0148,13,14,幂函数,函数应用
S0148,14,15,函数应用,计数原理
S0148,15,12,计数原理,立体几何初步
S0148,12,5,立体几何初步,空间向量与立体几何
S0148,5,2,空间向量与立体几何,平面解析几何
S0148,2,1,平面解析几何,一元函数导数及其应用
S0148,1,11,一元函数导数及其应用,对数函数
S0148,11,8,对数函数,统计
S0148,8,7,统计,概率
S0149,17,16,集合与逻辑,复数
S0149,16,12,复数,立体几何初步
S0149,12,15,立体几何初步,计数原理
S0149,15,7,计数原理,概率
S0149,7,6,概率,函数概念与性质
S0149,6,3,函数概念与性质,三角函数
S0149,3,4,三角函数,数列
S0149,4,1,数列,一元函数导数及其应用
S0149,1,8,一元函数导数及其应用,统计
S0149,8,13,统计,幂函数
S0149,13,14,幂函数,函数应用
S0149,14,10,函数应用,指数函数
S0149,10,9,指数函数,平面向量及其应用
S0149,9,2,平面向量及其应用,平面解析几何
S0149,2,5,平面解析几何,空间向量与立体几何
S0149,5,11,空间向量与立体几何,对数函数
S0150,17,16,集合与逻辑,复数
S0150,16,12,复数,立体几何初步
S0150,12,8,立体几何初步,统计
S0150,8,6,统计,函数概念与性质
S0150,6,3,函数概念与性质,三角函数
S0150,3,1,三角函数,一元函数导数及其应用
S0150,1,15,一元函数导数及其应用,计数原理
S0150,15,10,计数原理,指数函数
S0150,10,7,指数函数,概率
S0150,7,14,概率,函数应用
S0150,14,9,函数应用,平面向量及其应用
S0150,9,13,平面向量及其应用,幂函数
S0150,13,5,幂函数,空间向量与立体几何
S0150,5,4,空间向量与立体几何,数列
S0150,4,2,数列,平面解析几何
S0150,2,11,平面解析几何,对数函数
S0151,17,16,集合与逻辑,复数
S0151,16,12,复数,立体几何初步
S0151,12,6,立体几何初步,函数概念与性质
S0151,6,3,函数概念与性质,三角函数
S0151,3,9,三角函数,平面向量及其应用
S0151,9,13,平面向量及其应用,幂函数
S0151,13,8,幂函数,统计
S0151,8,5,统计,空间向量与立体几何
S0151,5,1,空间向量与立体几何,一元函数导数及其应用
S0151,1,2,一元函数导数及其应用,平面解析几何
S0151,2,4,平面解析几何,数列
S0151,4,15,数列,计数原理
S0151,15,10,计数原理,指数函数
S0151,10,7,指数函数,概率
S0151,7,11,概率,对数函数
S0151,11,14,对数函数,函数应用
S0152,17,16,集合与逻辑,复数
S0152,16,12,复数,立体几何初步
S0152,12,15,立体几何初步,计数原理
S0152,15,7,计数原理,概率
S0152,7,6,概率,函数概念与性质
S0152,6,3,函数概念与性质,三角函数
S0152,3,10,三角函数,指数函数
S0152,10,11,指数函数,对数函数
S0152,11,13,对数函数,幂函数
S0152,13,9,幂函数,平面向量及其应用
S0152,9,14,平面向量及其应用,函数应用
S0152,14,4,函数应用,数列
S0152,4,1,数列,一元函数导数及其应用
S0152,1,2,一元函数导数及其应用,平面解析几何
S0152,2,5,平面解析几何,空间向量与立体几何
S0152,5,8,空间向量与立体几何,统计
S0153,17,16,集合与逻辑,复数
S0153,16,12,复数,立体几何初步
S0153,12,15,立体几何初步,计数原理
S0153,15,7,计数原理,概率
S0153,7,8,概率,统计
S0153,8,6,统计,函数概念与性质
S0153,6,13,函数概念与性质,幂函数
S0153,13,11,幂函数,对数函数
S0153,11,3,对数函数,三角函数
S0153,3,9,三角函数,平面向量及其应用
S0153,9,2,平面向量及其应用,平面解析几何
S0153,2,1,平面解析几何,一元函数导数及其应用
S0153,1,4,一元函数导数及其应用,数列
S0153,4,5,数列,空间向量与立体几何
S0153,5,14,空间向量与立体几何,函数应用
S0153,14,10,函数应用,指数函数
S0154,17,16,集合与逻辑,复数
S0154,16,12,复数,立体几何初步
S0154,12,8,立体几何初步,统计
S0154,8,6,统计,函数概念与性质
S0154,6,3,函数概念与性质,三角函数
S0154,3,9,三角函数,平面向量及其应用
S0154,9,10,平面向量及其应用,指数函数
S0154,10,13,指数函数,幂函数
S0154,13,5,幂函数,空间向量与立体几何
S0154,5,2,空间向量与立体几何,平面解析几何
S0154,2,4,平面解析几何,数列
S0154,4,1,数列,一元函数导数及其应用
S0154,1,11,一元函数导数及其应用,对数函数
S0154,11,14,对数函数,函数应用
S0154,14,15,函数应用,计数原理
S0154,15,7,计数原理,概率
S0155,17,16,集合与逻辑,复数
S0155,16,12,复数,立体几何初步
S0155,12,6,立体几何初步,函数概念与性质
S0155,6,3,函数概念与性质,三角函数
S0155,3,4,三角函数,数列
S0155,4,13,数列,幂函数
S0155,13,14,幂函数,函数应用
S0155,14,10,函数应用,指数函数
S0155,10,11,指数函数,对数函数
S0155,11,9,对数函数,平面向量及其应用
S0155,9,1,平面向量及其应用,一元函数导数及其应用
S0155,1,2,一元函数导数及其应用,平面解析几何
S0155,2,5,平面解析几何,空间向量与立体几何
S0155,5,8,空间向量与立体几何,统计
S0155,8,15,统计,计数原理
S0155,15,7,计数原理,概率
S0156,17,16,集合与逻辑,复数
S0156,16,8,复数,统计
S0156,8,12,统计,立体几何初步
S0156,12,15,立体几何初步,计数原理
S0156,15,7,计数原理,概率
S0156,7,6,概率,函数概念与性质
S0156,6,3,函数概念与性质,三角函数
S0156,3,13,三角函数,幂函数
S0156,13,14,幂函数,函数应用
S0156,14,10,函数应用,指数函数
S0156,10,9,指数函数,平面向量及其应用
S0156,9,2,平面向量及其应用,平面解析几何
S0156,2,5,平面解析几何,空间向量与立体几何
S0156,5,4,空间向量与立体几何,数列
S0156,4,1,数列,一元函数导数及其应用
S0156,1,11,一元函数导数及其应用,对数函数
S0157,17,16,集合与逻辑,复数
S0157,16,15,复数,计数原理
S0157,15,7,计数原理,概率
S0157,7,6,概率,函数概念与性质
S0157,6,3,函数概念与性质,三角函数
S0157,3,4,三角函数,数列
S0157,4,11,数列,对数函数
S0157,11,8,对数函数,统计
S0157,8,12,统计,立体几何初步
S0157,12,9,立体几何初步,平面向量及其应用
S0157,9,5,平面向量及其应用,空间向量与立体几何
S0157,5,2,空间向量与立体几何,平面解析几何
S0157,2,1,平面解析几何,一元函数导数及其应用
S0157,1,14,一元函数导数及其应用,函数应用
S0157,14,10,函数应用,指数函数
S0157,10,13,指数函数,幂函数
S0158,17,16,集合与逻辑,复数
S0158,16,12,复数,立体几何初步
S0158,12,8,立体几何初步,统计
S0158,8,6,统计,函数概念与性质
S0158,6,4,函数概念与性质,数列
S0158,4,3,数列,三角函数
S0158,3,13,三角函数,幂函数
S0158,13,10,幂函数,指数函数
S0158,10,9,指数函数,平面向量及其应用
S0158,9,2,平面向量及其应用,平面解析几何
S0158,2,1,平面解析几何,一元函数导数及其应用
S0158,1,5,一元函数导数及其应用,空间向量与立体几何
S0158,5,11,空间向量与立体几何,对数函数
S0158,11,15,对数函数,计数原理
S0158,15,7,计数原理,概率
S0158,7,14,概率,函数应用
S0159,17,16,集合与逻辑,复数
S0159,16,12,复数,立体几何初步
S0159,12,6,立体几何初步,函数概念与性质
S0159,6,4,函数概念与性质,数列
S0159,4,3,数列,三角函数
S0159,3,13,三角函数,幂函数
S0159,13,10,幂函数,指数函数
S0159,10,14,指数函数,函数应用
S0159,14,9,函数应用,平面向量及其应用
S0159,9,8,平面向量及其应用,统计
S0159,8,11,统计,对数函数
S0159,11,5,对数函数,空间向量与立体几何
S0159,5,2,空间向量与立体几何,平面解析几何
S0159,2,1,平面解析几何,一元函数导数及其应用
S0159,1,15,一元函数导数及其应用,计数原理
S0159,15,7,计数原理,概率
S0160,17,16,集合与逻辑,复数
S0160,16,12,复数,立体几何初步
S0160,12,8,立体几何初步,统计
S0160,8,15,统计,计数原理
S0160,15,7,计数原理,概率
S0160,7,6,概率,函数概念与性质
S0160,6,3,函数概念与性质,三角函数
S0160,3,13,三角函数,幂函数
S0160,13,10,幂函数,指数函数
S0160,10,14,指数函数,函数应用
S0160,14,9,函数应用,平面向量及其应用
S0160,9,2,平面向量及其应用,平面解析几何
S0160,2,5,平面解析几何,空间向量与立体几何
S0160,5,1,空间向量与立体几何,一元函数导数及其应用
S0160,1,4,一元函数导数及其应用,数列
S0160,4,11,数列,对数函数
S0161,17,16,集合与逻辑,复数
S0161,16,8,复数,统计
S0161,8,6,统计,函数概念与性质
S0161,6,3,函数概念与性质,三角函数
S0161,3,9,三角函数,平面向量及其应用
S0161,9,1,平面向量及其应用,一元函数导数及其应用
S0161,1,2,一元函数导数及其应用,平面解析几何
S0161,2,4,平面解析几何,数列
S0161,4,12,数列,立体几何初步
S0161,12,5,立体几何初步,空间向量与立体几何
S0161,5,10,空间向量与立体几何,指数函数
S0161,10,13,指数函数,幂函数
S0161,13,15,幂函数,计数原理
S0161,15,7,计数原理,概率
S0161,7,11,概率,对数函数
S0161,11,14,对数函数,函数应用
S0162,17,16,集合与逻辑,复数
S0162,16,12,复数,立体几何初步
S0162,12,6,立体几何初步,函数概念与性质
S0162,6,3,函数概念与性质,三角函数
S0162,3,10,三角函数,指数函数
S0162,10,11,指数函数,对数函数
S0162,11,15,对数函数,计数原理
S0162,15,7,计数原理,概率
S0162,7,13,概率,幂函数
S0162,13,9,幂函数,平面向量及其应用
S0162,9,2,平面向量及其应用,平面解析几何
S0162,2,1,平面解析几何,一元函数导数及其应用
S0162,1,4,一元函数导数及其应用,数列
S0162,4,5,数列,空间向量与立体几何
S0162,5,8,空间向量与立体几何,统计
S0162,8,14,统计,函数应用
S0163,17,16,集合与逻辑,复数
S0163,16,12,复数,立体几何初步
S0163,12,8,立体几何初步,统计
S0163,8,6,统计,函数概念与性质
S0163,6,4,函数概念与性质,数列
S0163,4,3,数列,三角函数
S0163,3,9,三角函数,平面向量及其应用
S0163,9,5,平面向量及其应用,空间向量与立体几何
S0163,5,2,空间向量与立体几何,平面解析几何
S0163,2,1,平面解析几何,一元函数导数及其应用
S0163,1,11,一元函数导数及其应用,对数函数
S0163,11,14,对数函数,函数应用
S0163,14,10,函数应用,指数函数
S0163,10,13,指数函数,幂函数
S0163,13,15,幂函数,计数原理
S0163,15,7,计数原理,概率
S0164,17,16,集合与逻辑,复数
S0164,16,12,复数,立体几何初步
S0164,12,8,立体几何初步,统计
S0164,8,6,统计,函数概念与性质
S0164,6,3,函数概念与性质,三角函数
S0164,3,1,三角函数,一元函数导数及其应用
S0164,1,4,一元函数导数及其应用,数列
S0164,4,15,数列,计数原理
S0164,15,7,计数原理,概率
S0164,7,14,概率,函数应用
S0164,14,10,函数应用,指数函数
S0164,10,9,指数函数,平面向量及其应用
S0164,9,2,平面向量及其应用,平面解析几何
S0164,2,5,平面解析几何,空间向量与立体几何
S0164,5,11,空间向量与立体几何,对数函数
S0164,11,13,对数函数,幂函数
S0165,17,16,集合与逻辑,复数
S0165,16,12,复数,立体几何初步
S0165,12,15,立体几何初步,计数原理
S0165,15,6,计数原理,函数概念与性质
S0165,6,3,函数概念与性质,三角函数
S0165,3,4,三角函数,数列
S0165,4,1,数列,一元函数导数及其应用
S0165,1,14,一元函数导数及其应用,函数应用
S0165,14,9,函数应用,平面向量及其应用
S0165,9,5,平面向量及其应用,空间向量与立体几何
S0165,5,2,空间向量与立体几何,平面解析几何
S0165,2,7,平面解析几何,概率
S0165,7,8,概率,统计
S0165,8,11,统计,对数函数
S0165,11,10,对数函数,指数函数
S0165,10,13,指数函数,幂函数
S0166,17,16,集合与逻辑,复数
S0166,16,12,复数,立体几何初步
S0166,12,8,立体几何初步,统计
S0166,8,6,统计,函数概念与性质
S0166,6,11,函数概念与性质,对数函数
S0166,11,3,对数函数,三角函数
S0166,3,9,三角函数,平面向量及其应用
S0166,9,4,平面向量及其应用,数列
S0166,4,1,数列,一元函数导数及其应用
S0166,1,2,一元函数导数及其应用,平面解析几何
S0166,2,5,平面解析几何,空间向量与立体几何
S0166,5,13,空间向量与立体几何,幂函数
S0166,13,14,幂函数,函数应用
S0166,14,15,函数应用,计数原理
S0166,15,7,计数原理,概率
S0166,7,10,概率,指数函数
S0167,17,16,集合与逻辑,复数
S0167,16,12,复数,立体几何初步
S0167,12,6,立体几何初步,函数概念与性质
S0167,6,3,函数概念与性质,三角函数
S0167,3,13,三角函数,幂函数
S0167,13,10,幂函数,指数函数
S0167,10,9,指数函数,平面向量及其应用
S0167,9,5,平面向量及其应用,空间向量与立体几何
S0167,5,8,空间向量与立体几何,统计
S0167,8,15,统计,计数原理
S0167,15,7,计数原理,概率
S0167,7,4,概率,数列
S0167,4,1,数列,一元函数导数及其应用
S0167,1,2,一元函数导数及其应用,平面解析几何
S0167,2,11,平面解析几何,对数函数
S0167,11,14,对数函数,函数应用
S0168,17,16,集合与逻辑,复数
S0168,16,12,复数,立体几何初步
S0168,12,6,立体几何初步,函数概念与性质
S0168,6,3,函数概念与性质,三角函数
S0168,3,9,三角函数,平面向量及其应用
S0168,9,5,平面向量及其应用,空间向量与立体几何
S0168,5,2,空间向量与立体几何,平面解析几何
S0168,2,1,平面解析几何,一元函数导数及其应用
S0168,1,4,一元函数导数及其应用,数列
S0168,4,14,数列,函数应用
S0168,14,13,函数应用,幂函数
S0168,13,15,幂函数,计数原理
S0168,15,10,计数原理,指数函数
S0168,10,11,指数函数,对数函数
S0168,11,7,对数函数,概率
S0168,7,8,概率,统计
S0169,17,16,集合与逻辑,复数
S0169,16,12,复数,立体几何初步
S0169,12,8,立体几何初步,统计
S0169,8,6,统计,函数概念与性质
S0169,6,3,函数概念与性质,三角函数
S0169,3,11,三角函数,对数函数
S0169,11,10,对数函数,指数函数
S0169,10,13,指数函数,幂函数
S0169,13,9,幂函数,平面向量及其应用
S0169,9,5,平面向量及其应用,空间向量与立体几何
S0169,5,4,空间向量与立体几何,数列
S0169,4,1,数列,一元函数导数及其应用
S0169,1,2,一元函数导数及其应用,平面解析几何
S0169,2,14,平面解析几何,函数应用
S0169,14,15,函数应用,计数原理
S0169,15,7,计数原理,概率
S0170,17,16,集合与逻辑,复数
S0170,16,8,复数,统计
S0170,8,6,统计,函数概念与性质
S0170,6,3,函数概念与性质,三角函数
S0170,3,4,三角函数,数列
S0170,4,10,数列,指数函数
S0170,10,12,指数函数,立体几何初步
S0170,12,11,立体几何初步,对数函数
S0170,11,9,对数函数,平面向量及其应用
S0170,9,2,平面向量及其应用,平面解析几何
S0170,2,1,平面解析几何,一元函数导数及其应用
S0170,1,5,一元函数导数及其应用,空间向量与立体几何
S0170,5,15,空间向量与立体几何,计数原理
S0170,15,7,计数原理,概率
S0170,7,14,概率,函数应用
S0170,14,13,函数应用,幂函数
S0171,17,16,集合与逻辑,复数
S0171,16,6,复数,函数概念与性质
S0171,6,3,函数概念与性质,三角函数
S0171,3,9,三角函数,平面向量及其应用
S0171,9,2,平面向量及其应用,平面解析几何
S0171,2,1,平面解析几何,一元函数导数及其应用
S0171,1,4,一元函数导数及其应用,数列
S0171,4,11,数列,对数函数
S0171,11,8,对数函数,统计
S0171,8,12,统计,立体几何初步
S0171,12,13,立体几何初步,幂函数
S0171,13,15,幂函数,计数原理
S0171,15,7,计数原理,概率
S0171,7,5,概率,空间向量与立体几何
S0171,5,10,空间向量与立体几何,指数函数
S0171,10,14,指数函数,函数应用
S0172,17,16,集合与逻辑,复数
S0172,16,12,复数,立体几何初步
S0172,12,8,立体几何初步,统计
S0172,8,6,统计,函数概念与性质
S0172,6,1,函数概念与性质,一元函数导数及其应用
S0172,1,4,一元函数导数及其应用,数列
S0172,4,3,数列,三角函数
S0172,3,9,三角函数,平面向量及其应用
S0172,9,2,平面向量及其应用,平面解析几何
S0172,2,5,平面解析几何,空间向量与立体几何
S0172,5,11,空间向量与立体几何,对数函数
S0172,11,14,对数函数,函数应用
S0172,14,15,函数应用,计数原理
S0172,15,7,计数原理,概率
S0172,7,10,概率,指数函数
S0172,10,13,指数函数,幂函数
S0173,17,16,集合与逻辑,复数
S0173,16,12,复数,立体几何初步
S0173,12,6,立体几何初步,函数概念与性质
S0173,6,3,函数概念与性质,三角函数
S0173,3,4,三角函数,数列
S0173,4,13,数列,幂函数
S0173,13,9,幂函数,平面向量及其应用
S0173,9,8,平面向量及其应用,统计
S0173,8,1,统计,一元函数导数及其应用
S0173,1,2,一元函数导数及其应用,平面解析几何
S0173,2,5,平面解析几何,空间向量与立体几何
S0173,5,15,空间向量与立体几何,计数原理
S0173,15,11,计数原理,对数函数
S0173,11,7,对数函数,概率
S0173,7,10,概率,指数函数
S0173,10,14,指数函数,函数应用
S0174,17,16,集合与逻辑,复数
S0174,16,12,复数,立体几何初步
S0174,12,6,立体几何初步,函数概念与性质
S0174,6,3,函数概念与性质,三角函数
S0174,3,11,三角函数,对数函数
S0174,11,14,对数函数,函数应用
S0174,14,10,函数应用,指数函数
S0174,10,9,指数函数,平面向量及其应用
S0174,9,2,平面向量及其应用,平面解析几何
S0174,2,4,平面解析几何,数列
S0174,4,8,数列,统计
S0174,8,15,统计,计数原理
S0174,15,7,计数原理,概率
S0174,7,5,概率,空间向量与立体几何
S0174,5,1,空间向量与立体几何,一元函数导数及其应用
S0174,1,13,一元函数导数及其应用,幂函数
S0175,17,16,集合与逻辑,复数
S0175,16,8,复数,统计
S0175,8,12,统计,立体几何初步
S0175,12,6,立体几何初步,函数概念与性质
S0175,6,3,函数概念与性质,三角函数
S0175,3,9,三角函数,平面向量及其应用
S0175,9,13,平面向量及其应用,幂函数
S0175,13,10,幂函数,指数函数
S0175,10,4,指数函数,数列
S0175,4,1,数列,一元函数导数及其应用
S0175,1,2,一元函数导数及其应用,平面解析几何
S0175,2,11,平面解析几何,对数函数
S0175,11,5,对数函数,空间向量与立体几何
S0175,5,14,空间向量与立体几何,函数应用
S0175,14,15,函数应用,计数原理
S0175,15,7,计数原理,概率
S0176,17,16,集合与逻辑,复数
S0176,16,12,复数,立体几何初步
S0176,12,6,立体几何初步,函数概念与性质
S0176,6,3,函数概念与性质,三角函数
S0176,3,8,三角函数,统计
S0176,8,10,统计,指数函数
S0176,10,14,指数函数,函数应用
S0176,14,9,函数应用,平面向量及其应用
S0176,9,5,平面向量及其应用,空间向量与立体几何
S0176,5,2,空间向量与立体几何,平面解析几何
S0176,2,1,平面解析几何,一元函数导数及其应用
S0176,1,4,一元函数导数及其应用,数列
S0176,4,13,数列,幂函数
S0176,13,15,幂函数,计数原理
S0176,15,7,计数原理,概率
S0176,7,11,概率,对数函数
S0177,17,16,集合与逻辑,复数
S0177,16,12,复数,立体几何初步
S0177,12,8,立体几何初步,统计
S0177,8,15,统计,计数原理
S0177,15,7,计数原理,概率
S0177,7,6,概率,函数概念与性质
S0177,6,3,函数概念与性质,三角函数
S0177,3,10,三角函数,指数函数
S0177,10,9,指数函数,平面向量及其应用
S0177,9,5,平面向量及其应用,空间向量与立体几何
S0177,5,4,空间向量与立体几何,数列
S0177,4,2,数列,平面解析几何
S0177,2,1,平面解析几何,一元函数导数及其应用
S0177,1,14,一元函数导数及其应用,函数应用
S0177,14,11,函数应用,对数函数
S0177,11,13,对数函数,幂函数
S0178,17,16,集合与逻辑,复数
S0178,16,12,复数,立体几何初步
S0178,12,8,立体几何初步,统计
S0178,8,6,统计,函数概念与性质
S0178,6,3,函数概念与性质,三角函数
S0178,3,4,三角函数,数列
S0178,4,11,数列,对数函数
S0178,11,10,对数函数,指数函数
S0178,10,15,指数函数,计数原理
S0178,15,7,计数原理,概率
S0178,7,14,概率,函数应用
S0178,14,9,函数应用,平面向量及其应用
S0178,9,5,平面向量及其应用,空间向量与立体几何
S0178,5,1,空间向量与立体几何,一元函数导数及其应用
S0178,1,2,一元函数导数及其应用,平面解析几何
S0178,2,13,平面解析几何,幂函数
S0179,17,16,集合与逻辑,复数
S0179,16,12,复数,立体几何初步
S0179,12,8,立体几何初步,统计
S0179,8,6,统计,函数概念与性质
S0179,6,3,函数概念与性质,三角函数
S0179,3,11,三角函数,对数函数
S0179,11,9,对数函数,平面向量及其应用
S0179,9,2,平面向量及其应用,平面解析几何
S0179,2,5,平面解析几何,空间向量与立体几何
S0179,5,1,空间向量与立体几何,一元函数导数及其应用
S0179,1,4,一元函数导数及其应用,数列
S0179,4,10,数列,指数函数
S0179,10,14,指数函数,函数应用
S0179,14,15,函数应用,计数原理
S0179,15,7,计数原理,概率
S0179,7,13,概率,幂函数
S0180,17,16,集合与逻辑,复数
S0180,16,8,复数,统计
S0180,8,12,统计,立体几何初步
S0180,12,6,立体几何初步,函数概念与性质
S0180,6,3,函数概念与性质,三角函数
S0180,3,9,三角函数,平面向量及其应用
S0180,9,2,平面向量及其应用,平面解析几何
S0180,2,5,平面解析几何,空间向量与立体几何
S0180,5,1,空间向量与立体几何,一元函数导数及其应用
S0180,1,4,一元函数导数及其应用,数列
S0180,4,11,数列,对数函数
S0180,11,15,对数函数,计数原理
S0180,15,7,计数原理,概率
S0180,7,14,概率,函数应用
S0180,14,10,函数应用,指数函数
S0180,10,13,指数函数,幂函数
S0181,17,16,集合与逻辑,复数
S0181,16,12,复数,立体几何初步
S0181,12,8,立体几何初步,统计
S0181,8,6,统计,函数概念与性质
S0181,6,1,函数概念与性质,一元函数导数及其应用
S0181,1,4,一元函数导数及其应用,数列
S0181,4,3,数列,三角函数
S0181,3,11,三角函数,对数函数
S0181,11,10,对数函数,指数函数
S0181,10,15,指数函数,计数原理
S0181,15,7,计数原理,概率
S0181,7,13,概率,幂函数
S0181,13,9,幂函数,平面向量及其应用
S0181,9,2,平面向量及其应用,平面解析几何
S0181,2,5,平面解析几何,空间向量与立体几何
S0181,5,14,空间向量与立体几何,函数应用
S0182,17,16,集合与逻辑,复数
S0182,16,12,复数,立体几何初步
S0182,12,8,立体几何初步,统计
S0182,8,6,统计,函数概念与性质
S0182,6,1,函数概念与性质,一元函数导数及其应用
S0182,1,4,一元函数导数及其应用,数列
S0182,4,11,数列,对数函数
S0182,11,3,对数函数,三角函数
S0182,3,9,三角函数,平面向量及其应用
S0182,9,2,平面向量及其应用,平面解析几何
S0182,2,5,平面解析几何,空间向量与立体几何
S0182,5,14,空间向量与立体几何,函数应用
S0182,14,15,函数应用,计数原理
S0182,15,7,计数原理,概率
S0182,7,10,概率,指数函数
S0182,10,13,指数函数,幂函数
S0183,17,16,集合与逻辑,复数
S0183,16,12,复数,立体几何初步
S0183,12,8,立体几何初步,统计
S0183,8,6,统计,函数概念与性质
S0183,6,3,函数概念与性质,三角函数
S0183,3,13,三角函数,幂函数
S0183,13,10,幂函数,指数函数
S0183,10,14,指数函数,函数应用
S0183,14,15,函数应用,计数原理
S0183,15,7,计数原理,概率
S0183,7,11,概率,对数函数
S0183,11,9,对数函数,平面向量及其应用
S0183,9,5,平面向量及其应用,空间向量与立体几何
S0183,5,4,空间向量与立体几何,数列
S0183,4,1,数列,一元函数导数及其应用
S0183,1,2,一元函数导数及其应用,平面解析几何
S0184,17,16,集合与逻辑,复数
S0184,16,8,复数,统计
S0184,8,15,统计,计数原理
S0184,15,7,计数原理,概率
S0184,7,6,概率,函数概念与性质
S0184,6,4,函数概念与性质,数列
S0184,4,1,数列,一元函数导数及其应用
S0184,1,3,一元函数导数及其应用,三角函数
S0184,3,9,三角函数,平面向量及其应用
S0184,9,12,平面向量及其应用,立体几何初步
S0184,12,5,立体几何初步,空间向量与立体几何
S0184,5,2,空间向量与立体几何,平面解析几何
S0184,2,11,平面解析几何,对数函数
S0184,11,13,对数函数,幂函数
S0184,13,10,幂函数,指数函数
S0184,10,14,指数函数,函数应用
S0185,17,16,集合与逻辑,复数
S0185,16,6,复数,函数概念与性质
S0185,6,3,函数概念与性质,三角函数
S0185,3,13,三角函数,幂函数
S0185,13,10,幂函数,指数函数
S0185,10,12,指数函数,立体几何初步
S0185,12,15,立体几何初步,计数原理
S0185,15,7,计数原理,概率
S0185,7,4,概率,数列
S0185,4,11,数列,对数函数
S0185,11,8,对数函数,统计
S0185,8,9,统计,平面向量及其应用
S0185,9,2,平面向量及其应用,平面解析几何
S0185,2,1,平面解析几何,一元函数导数及其应用
S0185,1,5,一元函数导数及其应用,空间向量与立体几何
S0185,5,14,空间向量与立体几何,函数应用
S0186,17,16,集合与逻辑,复数
S0186,16,15,复数,计数原理
S0186,15,7,计数原理,概率
S0186,7,8,概率,统计
S0186,8,6,统计,函数概念与性质
S0186,6,3,函数概念与性质,三角函数
S0186,3,9,三角函数,平面向量及其应用
S0186,9,2,平面向量及其应用,平面解析几何
S0186,2,1,平面解析几何,一元函数导数及其应用
S0186,1,4,一元函数导数及其应用,数列
S0186,4,10,数列,指数函数
S0186,10,12,指数函数,立体几何初步
S0186,12,5,立体几何初步,空间向量与立体几何
S0186,5,11,空间向量与立体几何,对数函数
S0186,11,14,对数函数,函数应用
S0186,14,13,函数应用,幂函数
S0187,17,16,集合与逻辑,复数
S0187,16,12,复数,立体几何初步
S0187,12,15,立体几何初步,计数原理
S0187,15,7,计数原理,概率
S0187,7,6,概率,函数概念与性质
S0187,6,3,函数概念与性质,三角函数
S0187,3,9,三角函数,平面向量及其应用
S0187,9,14,平面向量及其应用,函数应用
S0187,14,2,函数应用,平面解析几何
S0187,2,1,平面解析几何,一元函数导数及其应用
S0187,1,4,一元函数导数及其应用,数列
S0187,4,5,数列,空间向量与立体几何
S0187,5,8,空间向量与立体几何,统计
S0187,8,11,统计,对数函数
S0187,11,13,对数函数,幂函数
S0187,13,10,幂函数,指数函数
S0188,17,16,集合与逻辑,复数
S0188,16,12,复数,立体几何初步
S0188,12,15,立体几何初步,计数原理
S0188,15,7,计数原理,概率
S0188,7,6,概率,函数概念与性质
S0188,6,3,函数概念与性质,三角函数
S0188,3,4,三角函数,数列
S0188,4,1,数列,一元函数导数及其应用
S0188,1,11,一元函数导数及其应用,对数函数
S0188,11,9,对数函数,平面向量及其应用
S0188,9,13,平面向量及其应用,幂函数
S0188,13,14,幂函数,函数应用
S0188,14,10,函数应用,指数函数
S0188,10,5,指数函数,空间向量与立体几何
S0188,5,2,空间向量与立体几何,平面解析几何
S0188,2,8,平面解析几何,统计
S0189,17,16,集合与逻辑,复数
S0189,16,12,复数,立体几何初步
S0189,12,8,立体几何初步,统计
S0189,8,6,统计,函数概念与性质
S0189,6,3,函数概念与性质,三角函数
S0189,3,1,三角函数,一元函数导数及其应用
S0189,1,10,一元函数导数及其应用,指数函数
S0189,10,13,指数函数,幂函数
S0189,13,14,幂函数,函数应用
S0189,14,15,函数应用,计数原理
S0189,15,7,计数原理,概率
S0189,7,9,概率,平面向量及其应用
S0189,9,2,平面向量及其应用,平面解析几何
S0189,2,5,平面解析几何,空间向量与立体几何
S0189,5,4,空间向量与立体几何,数列
S0189,4,11,数列,对数函数
S0190,17,16,集合与逻辑,复数
S0190,16,6,复数,函数概念与性质
S0190,6,3,函数概念与性质,三角函数
S0190,3,4,三角函数,数列
S0190,4,11,数列,对数函数
S0190,11,9,对数函数,平面向量及其应用
S0190,9,10,平面向量及其应用,指数函数
S0190,10,12,指数函数,立体几何初步
S0190,12,5,立体几何初步,空间向量与立体几何
S0190,5,2,空间向量与立体几何,平面解析几何
S0190,2,1,平面解析几何,一元函数导数及其应用
S0190,1,14,一元函数导数及其应用,函数应用
S0190,14,13,函数应用,幂函数
S0190,13,15,幂函数,计数原理
S0190,15,7,计数原理,概率
S0190,7,8,概率,统计
S0191,17,16,集合与逻辑,复数
S0191,16,12,复数,立体几何初步
S0191,12,8,立体几何初步,统计
S0191,8,6,统计,函数概念与性质
S0191,6,3,函数概念与性质,三角函数
S0191,3,1,三角函数,一元函数导数及其应用
S0191,1,4,一元函数导数及其应用,数列
S0191,4,14,数列,函数应用
S0191,14,10,函数应用,指数函数
S0191,10,15,指数函数,计数原理
S0191,15,7,计数原理,概率
S0191,7,9,概率,平面向量及其应用
S0191,9,2,平面向量及其应用,平面解析几何
S0191,2,5,平面解析几何,空间向量与立体几何
S0191,5,11,空间向量与立体几何,对数函数
S0191,11,13,对数函数,幂函数
S0192,17,16,集合与逻辑,复数
S0192,16,12,复数,立体几何初步
S0192,12,8,立体几何初步,统计
S0192,8,6,统计,函数概念与性质
S0192,6,13,函数概念与性质,幂函数
S0192,13,14,幂函数,函数应用
S0192,14,11,函数应用,对数函数
S0192,11,15,对数函数,计数原理
S0192,15,7,计数原理,概率
S0192,7,3,概率,三角函数
S0192,3,9,三角函数,平面向量及其应用
S0192,9,5,平面向量及其应用,空间向量与立体几何
S0192,5,2,空间向量与立体几何,平面解析几何
S0192,2,1,平面解析几何,一元函数导数及其应用
S0192,1,4,一元函数导数及其应用,数列
S0192,4,10,数列,指数函数
S0193,17,16,集合与逻辑,复数
S0193,16,12,复数,立体几何初步
S0193,12,15,立体几何初步,计数原理
S0193,15,8,计数原理,统计
S0193,8,6,统计,函数概念与性质
S0193,6,3,函数概念与性质,三角函数
S0193,3,4,三角函数,数列
S0193,4,1,数列,一元函数导数及其应用
S0193,1,9,一元函数导数及其应用,平面向量及其应用
S0193,9,2,平面向量及其应用,平面解析几何
S0193,2,5,平面解析几何,空间向量与立体几何
S0193,5,11,空间向量与立体几何,对数函数
S0193,11,7,对数函数,概率
S0193,7,14,概率,函数应用
S0193,14,10,函数应用,指数函数
S0193,10,13,指数函数,幂函数
S0194,17,16,集合与逻辑,复数
S0194,16,12,复数,立体几何初步
S0194,12,8,立体几何初步,统计
S0194,8,6,统计,函数概念与性质
S0194,6,4,函数概念与性质,数列
S0194,4,1,数列,一元函数导数及其应用
S0194,1,3,一元函数导数及其应用,三角函数
S0194,3,9,三角函数,平面向量及其应用
S0194,9,5,平面向量及其应用,空间向量与立体几何
S0194,5,2,空间向量与立体几何,平面解析几何
S0194,2,11,平面解析几何,对数函数
S0194,11,10,对数函数,指数函数
S0194,10,14,指数函数,函数应用
S0194,14,15,函数应用,计数原理
S0194,15,7,计数原理,概率
S0194,7,13,概率,幂函数
S0195,17,16,集合与逻辑,复数
S0195,16,15,复数,计数原理
S0195,15,7,计数原理,概率
S0195,7,12,概率,立体几何初步
S0195,12,8,立体几何初步,统计
S0195,8,6,统计,函数概念与性质
S0195,6,13,函数概念与性质,幂函数
S0195,13,11,幂函数,对数函数
S0195,11,3,对数函数,三角函数
S0195,3,9,三角函数,平面向量及其应用
S0195,9,5,平面向量及其应用,空间向量与立体几何
S0195,5,1,空间向量与立体几何,一元函数导数及其应用
S0195,1,2,一元函数导数及其应用,平面解析几何
S0195,2,4,平面解析几何,数列
S0195,4,14,数列,函数应用
S0195,14,10,函数应用,指数函数
S0196,17,16,集合与逻辑,复数
S0196,16,12,复数,立体几何初步
S0196,12,8,立体几何初步,统计
S0196,8,6,统计,函数概念与性质
S0196,6,3,函数概念与性质,三角函数
S0196,3,13,三角函数,幂函数
S0196,13,9,幂函数,平面向量及其应用
S0196,9,14,平面向量及其应用,函数应用
S0196,14,11,函数应用,对数函数
S0196,11,5,对数函数,空间向量与立体几何
S0196,5,10,空间向量与立体几何,指数函数
S0196,10,15,指数函数,计数原理
S0196,15,7,计数原理,概率
S0196,7,4,概率,数列
S0196,4,1,数列,一元函数导数及其应用
S0196,1,2,一元函数导数及其应用,平面解析几何
S0197,17,16,集合与逻辑,复数
S0197,16,6,复数,函数概念与性质
S0197,6,3,函数概念与性质,三角函数
S0197,3,13,三角函数,幂函数
S0197,13,10,幂函数,指数函数
S0197,10,12,指数函数,立体几何初步
S0197,12,15,立体几何初步,计数原理
S0197,15,7,计数原理,概率
S0197,7,11,概率,对数函数
S0197,11,8,对数函数,统计
S0197,8,14,统计,函数应用
S0197,14,9,函数应用,平面向量及其应用
S0197,9,2,平面向量及其应用,平面解析几何
S0197,2,1,平面解析几何,一元函数导数及其应用
S0197,1,4,一元函数导数及其应用,数列
S0197,4,5,数列,空间向量与立体几何
S0198,17,16,集合与逻辑,复数
S0198,16,12,复数,立体几何初步
S0198,12,15,立体几何初步,计数原理
S0198,15,7,计数原理,概率
S0198,7,8,概率,统计
S0198,8,6,统计,函数概念与性质
S0198,6,3,函数概念与性质,三角函数
S0198,3,1,三角函数,一元函数导数及其应用
S0198,1,4,一元函数导数及其应用,数列
S0198,4,10,数列,指数函数
S0198,10,13,指数函数,幂函数
S0198,13,14,幂函数,函数应用
S0198,14,9,函数应用,平面向量及其应用
S0198,9,5,平面向量及其应用,空间向量与立体几何
S0198,5,2,空间向量与立体几何,平面解析几何
S0198,2,11,平面解析几何,对数函数
S0199,17,16,集合与逻辑,复数
S0199,16,8,复数,统计
S0199,8,6,统计,函数概念与性质
S0199,6,3,函数概念与性质,三角函数
S0199,3,10,三角函数,指数函数
S0199,10,13,指数函数,幂函数
S0199,13,12,幂函数,立体几何初步
S0199,12,15,立体几何初步,计数原理
S0199,15,7,计数原理,概率
S0199,7,11,概率,对数函数
S0199,11,14,对数函数,函数应用
S0199,14,9,函数应用,平面向量及其应用
S0199,9,5,平面向量及其应用,空间向量与立体几何
S0199,5,2,空间向量与立体几何,平面解析几何
S0199,2,1,平面解析几何,一元函数导数及其应用
S0199,1,4,一元函数导数及其应用,数列
S0200,17,12,集合与逻辑,立体几何初步
S0200,12,8,立体几何初步,统计
S0200,8,6,统计,函数概念与性质
S0200,6,3,函数概念与性质,三角函数
S0200,3,1,三角函数,一元函数导数及其应用
S0200,1,4,一元函数导数及其应用,数列
S0200,4,11,数列,对数函数
S0200,11,13,对数函数,幂函数
S0200,13,10,幂函数,指数函数
S0200,10,14,指数函数,函数应用
S0200,14,9,函数应用,平面向量及其应用
S0200,9,2,平面向量及其应用,平面解析几何
S0200,2,5,平面解析几何,空间向量与立体几何
S0200,5,15,空间向量与立体几何,计数原理
S0200,15,7,计数原理,概率
S0200,7,16,概率,复数
